team,conf,games,wins,losses,adj_t,adj_o,adj_d,barthag,efg,def_efg,ftr,def_ftr,oreb_rate,dreb_rate,tov_rate,def_tov_rate,two_pt_pct,three_pt_pct,ft_pct,def_two_pt_pct,def_three_pt_pct,def_ft_pct,three_fg_rate,def_three_fg_rate,block_rate,block_rate_allowed,assist_rate,def_assist_rate,wab,year
Houston,B12,38,34,4,62.1,124.98582642814,87.06179055225,0.98460496953574,52.3,44.8,27.4,33.8,36.8,28.7,14.2,21.2,48.4,39.7,74.1,44.5,30.1,71.3,34.6,43.7,15.7,6.7,45.7,57.7,11.587303020872,2025
Duke,ACC,38,35,3,66.4,128.79836267711,91.162374651405,0.98155721835521,58.2,44.4,32.6,24.9,34.1,26.7,14,17.1,58.5,38.6,79,43.3,30.8,72.7,44.9,38.4,10.9,9.2,58.5,50.6,9.4281406832552,2025
Auburn,SEC,37,32,5,68.7,128.55396723154,92.702134103493,0.97724625573065,55.1,45.8,33.8,38.2,34.4,29.5,13.5,17.2,55.7,36.1,72.8,46.6,29.6,73.1,40.7,35.2,15.9,7.7,55.2,40.7,12.712432060903,2025
Florida,SEC,38,34,4,70.2,127.45530761847,94.456236016904,0.96910370398695,55.1,45.5,34.3,32.7,38.9,29,15.5,16.6,56.2,35.7,72.7,46.2,29.6,71.3,43.8,37.1,11.7,8.4,52.6,45.8,11.182109342932,2025
Alabama,SEC,37,28,9,75.5,127.10096571418,96.173950783257,0.96107692636778,56.6,47.8,39.3,33.2,33.7,29.4,16.6,13.5,59.7,35.3,72,49,30.4,71,46.6,34.6,10.1,12.1,55.4,44.8,10.100515689896,2025
Tennessee,SEC,38,30,8,64.4,119.13373904015,90.66701991734,0.95851725577849,52.5,45,35.5,28.2,35.6,30.3,16.1,17.7,54,33.8,74.5,46.6,28.7,73.9,43.4,44.6,15.1,9.2,60.6,47,9.3380249851398,2025
Texas Tech,B12,37,28,9,66.6,125.52485794737,97.148540718424,0.95012248167575,54.7,48.1,29.2,33.4,34.2,28.3,14.2,17.1,54.5,36.7,76,47.9,32.4,71.3,44.5,34.6,8.3,7.9,57.2,46.3,5.8767611180175,2025
Iowa St.,B12,35,25,10,69.3,119.50642761319,93.006712538066,0.94700127709968,54.9,48.9,37.9,29,32.2,27.9,17,21.6,55.5,35.8,75.3,47.8,33.6,75,36.8,40.9,10.1,8.9,53.4,55.6,5.4824462170276,2025
Gonzaga,WCC,35,26,9,71,124.30706440389,96.775905155249,0.94680370194314,56,47.5,30.7,29.3,32.5,26.9,13.4,18,57.5,35.4,80.4,48.9,30.2,72.9,33.6,40.2,8.3,8.2,62.4,49.3,2.7666617618409,2025
Arizona,B12,37,24,13,70.8,124.03213912191,96.682939705256,0.94607324221428,53.3,48.9,35.8,29.8,36,27.9,16,16.2,54.7,33.8,78,47.5,34,71.7,34.7,41.3,12.1,7.1,55.6,51.9,5.4703731444128,2025
Maryland,B10,36,27,9,70.2,118.36513067838,92.346594218276,0.94555553851002,53.6,47.1,33.1,26.1,30.7,28.2,14.3,20.1,52.2,37.3,75,47.8,30.6,73.7,35.4,36.2,11.8,6.8,49.1,49.2,4.9169732932085,2025
Purdue,B10,36,24,12,65.7,124.66265667421,98.622059679168,0.93670952202189,55.9,51.8,34.6,30.1,31.8,29.7,15.7,17.5,55.1,38.2,73.2,55.6,31.2,71.6,38.4,42.6,5.1,8.5,58.3,58,4.7052878268013,2025
Michigan St.,B10,37,30,7,68.1,116.97147977385,92.556749735451,0.93656742689736,50.9,46.2,37.7,31.5,35.3,24.7,16.4,15.9,53,31.1,77.9,49.1,28,71.4,32.9,40.7,13.2,8,61.1,52.6,8.2740366009312,2025
Wisconsin,B10,37,27,10,68.3,122.66472280082,97.144196444457,0.93598435272354,53.8,48.1,34.2,27.7,28,26.7,14,14.5,55.2,34.8,82.6,46.9,33.3,72.9,48.2,39.1,6.3,10.7,54.2,49.9,6.3467115138611,2025
BYU,B12,36,26,10,68.1,125.27853100026,99.65537691551,0.93285825521454,57,51.4,30.4,29.4,33.7,26.4,17.4,16.9,58.6,36.8,71.3,49.6,35.7,71.5,47.6,46.2,10,8.3,59.6,53,4.8554011991027,2025
Illinois,B10,35,22,13,72,121.75758974309,96.940605267727,0.93221589351015,52.4,47.4,34.4,26.9,35.8,25.8,16,12.4,57.3,31.3,76.2,46.1,33.6,70.9,47.2,30.5,9.2,8.7,51.7,45.9,3.7585096788141,2025
Kentucky,SEC,36,24,12,71.3,123.67799954055,98.501704125128,0.93197856608709,55.9,50.3,35.2,30.6,28.2,26.4,15,14.1,55.6,37.5,73.1,53.9,30.5,71.7,41.2,43.7,11.4,8,57,47,5.6379046924395,2025
St. John's,BE,36,31,5,70.5,112.87490492122,89.903898256322,0.93192846800629,49.2,45.9,30.3,30.7,37.9,29.8,15.3,21.4,51,30.1,69.1,46,30.6,67,31,40.8,14.9,8.3,53.6,55.3,8.0283009104272,2025
Kansas,B12,34,21,13,69.1,115.87399344749,92.717885767216,0.92849730388009,53.1,46.3,24.4,28.1,30.5,27.6,16.9,15.6,53,35.4,71.6,46.3,30.8,73.1,34.1,40.6,12.9,9.1,61.2,52.6,4.2003055142585,2025
Texas A&M,SEC,34,23,11,67.2,115.98330711928,93.290629411025,0.92441169830389,47.6,48.3,41.3,35.7,41.4,28,17.8,19.4,48.6,30.7,69.2,46.8,33.3,76.8,37.7,46.2,13.5,14.4,47.4,64.7,5.4109720841473,2025
UCLA,B10,34,23,11,65.6,116.74846778477,93.98420090877,0.92374079785237,52.8,50.1,32.3,33.9,32.7,29.8,15.9,22.8,52.8,35.2,71,50.7,32.8,75.1,36.5,45,11,7,61.1,58,3.6490923675054,2025
Missouri,SEC,34,22,12,69.1,124.82156183208,100.64347478278,0.92243926777276,55.8,50.9,47.1,35.7,33.5,32.3,15.5,20.1,56.3,36.7,73,51.2,33.6,75.3,41.4,37.8,7.3,10.5,49.7,49,3.237951870779,2025
Michigan,B10,37,27,10,70.5,116.40720258024,93.959016072069,0.92155833250546,53.8,46.1,35.7,28.4,33.2,30.2,19.6,15.8,56.7,33.2,72.8,46,30.8,73.1,42,39.1,9.5,7.4,58,45.1,6.6332454320252,2025
Mississippi,SEC,36,24,12,68.5,118.33045562188,96.140521987942,0.9159236992038,51.4,50.5,35.3,39.3,25.5,30.4,12.9,20.2,51,34.8,73.8,51.8,32.5,70.8,40,43.5,11.8,10.9,53.2,58,4.9584465750776,2025
Louisville,ACC,35,27,8,69.6,117.74717559539,95.884002353667,0.91389174439805,53.2,49.7,33.7,27.1,31.9,27.1,16.3,18.5,56.8,32.8,74.6,48.7,34.1,71.2,47.8,39.8,8.1,9.8,51.3,46.9,5.4484729402628,2025
Saint Mary's,WCC,34,28,6,62.4,114.35615362235,93.304480457909,0.91210967003189,50.2,46.5,31.1,25,39.9,24.6,14.9,16.3,51.2,32.2,69.5,46.2,31.5,74.5,33.2,31.8,10.6,7.4,56.2,54,4.2784720917675,2025
Clemson,ACC,34,27,7,65.1,117.20018289701,96.004323241169,0.90839034029679,53.4,48.8,28.3,27.8,33.7,30.4,15.8,20,52.2,36.9,76.8,49.5,31.9,68.7,38.8,38,10,8.4,52,43.7,4.7120533602878,2025
Baylor,B12,34,19,15,65.2,121.18514580736,99.811628630607,0.90303404570993,51.1,52,30.5,33.7,36,30.9,15.9,18.6,50.9,34.3,74.8,50.8,35.9,70.5,40.1,41.4,8.2,10.7,52.8,59.6,2.1122559296422,2025
Marquette,BE,34,23,11,68.4,116.66642806546,96.187173494991,0.90201018267794,52,49.9,25.9,30.5,30,31,13.6,21.4,54.7,32.6,72,51.3,31.8,73.2,46.4,39.4,10.7,8.8,49.5,59.9,3.7713209726202,2025
Oregon,B10,35,25,10,68.6,115.99580408996,96.288395390417,0.89485971326758,52.5,48.9,33,27.5,30.5,29.1,16.2,17.5,53.1,34.4,75.7,49.7,31.7,71.8,38.3,37.8,9.9,9,52.9,50.5,5.5832119626298,2025
Connecticut,BE,35,24,11,64.5,121.79408854679,101.27957393949,0.89294108234421,55,48.1,30.8,41,35.5,27.8,17,15.7,57,34.8,79.1,45.8,35,72.9,42.7,34.2,17.5,8.5,63.5,44.2,2.3973719581613,2025
Mississippi St.,SEC,34,21,13,68.7,118.43720904144,98.676529996243,0.89082168697037,51.9,51.8,31.5,35.3,33.9,29.9,15.3,18.9,55.5,31.4,70.1,50.3,35.8,69.7,42.7,44,13.8,8.7,53.2,53,3.1077206904302,2025
Creighton,BE,36,25,11,67.9,117.64285504065,98.05890356561,0.89031647538057,56.1,47.2,28.6,17.2,26.4,27.2,17.9,11.6,60.4,34.5,72.8,46.2,32.6,71.7,48.9,35.3,10.5,10.9,63.1,42.8,3.2112000295506,2025
West Virginia,B12,32,19,13,64.9,110.35431212986,92.089028438591,0.8890244263262,50,46.3,25.6,32.2,25.9,30.8,16.2,19.4,50.9,32.6,72,47.3,29.7,74,46.1,36.5,11.6,9.4,56.5,46.2,1.5636020697682,2025
VCU,A10,34,27,7,66.8,114.95716941688,96.29705798874,0.88461736094637,52.4,44.8,31.5,36.6,36.5,30.4,16.8,20.5,53.9,33.8,74.4,44.1,30.7,71.8,47.8,35.4,15.3,7.9,56.5,46,1.0536390244659,2025
Georgia,SEC,33,20,13,67.2,114.82346113858,96.354808519683,0.88253137573439,52.1,47.7,40.1,30.3,36,31.9,18.8,18,53.7,32.9,71.7,47.9,31.6,73.7,37,40.4,14.5,9.3,47.8,49.6,2.0709568546902,2025
North Carolina,ACC,37,23,14,71.3,118.28899331345,99.664097284503,0.87763689435067,54.1,49.5,34.8,30.5,29.1,26.9,15.1,15.3,54.5,35.6,74.1,49.1,33.5,74,37.2,38.1,9.6,10.5,51.7,47.7,1.3082557087065,2025
Arkansas,SEC,36,22,14,69.9,112.75557971414,95.404757429376,0.87231465660433,52.2,47.6,35.6,29.2,28.1,29.9,16.3,17.2,54.1,32.7,73.9,47.9,31.4,73,36.6,38.9,15,7.3,52.1,48.1,1.3781041501196,2025
New Mexico,MWC,34,26,8,73.4,112.48474943131,95.417688620528,0.86902520912549,50.8,49.2,37.3,35,31.3,25.8,15.7,20.3,50.7,34,68.6,48.2,33.8,66.6,31.7,38.3,13.9,9.6,50.9,59.2,2.7007798960586,2025
Ohio St.,B10,32,17,15,67.8,116.62915011431,99.02661324441,0.86778584911273,53.5,48.6,35.8,39.9,28.9,30.5,15.6,16.8,52.6,36.8,74.8,50.3,30.5,75.2,37.7,37.6,10,9.1,48.1,47.9,-0.60175775528423,2025
Xavier,BE,34,22,12,69.6,116.02360287639,98.809729254281,0.86375942706216,54.1,51,36.7,28.6,24.4,25.5,15.6,17.6,51.2,39.1,78.9,50.6,34.4,72.8,37.6,37.4,6.9,11.2,62.8,55.4,0.57200065623595,2025
Vanderbilt,SEC,33,20,13,70.1,117.96648559491,100.60883659874,0.8618028705923,51.5,52.7,33.4,38.5,31.6,29.7,14.5,19.8,53.5,32.5,74.6,51.4,36.6,71.9,40.4,37.7,11.2,11.6,50.2,47.3,1.6224582751556,2025
Cincinnati,B12,33,18,15,66,111.05599579866,94.750952641619,0.86128456968365,50.9,48.6,23.4,24.3,32.3,30.1,15.5,19.7,52.6,32,66.8,48,33.2,75.4,38.1,34.2,11.7,7.9,50.9,49.6,-1.0020859470677,2025
Texas,SEC,35,19,16,68,117.16350692482,100.10342100678,0.85932752450936,52.6,48.9,36.8,38.9,29.7,29.4,14.3,16.4,51.7,36.2,74.9,47.8,33.8,69.9,35.3,36.4,11.6,8.1,47.3,48.4,0.21901829054686,2025
Colorado St.,MWC,36,26,10,66.6,115.7471721465,99.030257961653,0.85739283671982,55.5,48.5,31.6,33.2,27,25.8,17.2,16.7,56.4,36.3,77.5,47.7,33.2,68.5,42.8,38,7.9,8.5,62.3,46.6,0.80158998993823,2025
Boise St.,MWC,34,24,10,66.4,115.34381342628,99.08804062662,0.85156754976086,52.2,49.6,38.2,31.5,33,22.3,16.7,16.5,56.3,31.2,78.1,48.7,34.1,68.4,43,36.7,7.3,9.8,56.3,44.9,-0.014249435412198,2025
Oklahoma,SEC,34,20,14,69.2,117.0851013771,100.7436754344,0.84924586825661,54.4,51,39.9,35.7,26.6,31.8,17.3,18.2,54.1,36.5,79.5,55,30.3,72.8,41.6,42,6.8,10.5,51.6,47.1,2.1714843563748,2025
Villanova,BE,33,19,14,63.9,119.45728270397,103.44904171612001,0.83951401407586,54.9,51.1,28.9,30.1,30.2,27.4,15.6,16,51.1,39.8,80,50.3,34.7,69.5,43.6,45.9,7.8,8.6,49,60.9,-2.6989899832077,2025
Santa Clara,WCC,34,21,13,69.7,115.92032706134,100.44482665363,0.83860528265957,56,49.5,28.4,31.3,32.7,26.7,16.7,16.6,54.9,38.2,72.7,51.2,31.3,72.3,46.4,39.7,8.3,10.4,59.5,58,-3.3413084578165,2025
Drake,MVC,33,29,4,59.6,112.76178771184,97.76525039735,0.83769076885113,53.9,51.4,42.7,36.7,35.3,25.7,18.4,21.8,54.1,35.6,70,54.4,31.2,73.4,36.2,38.6,8.4,7.5,55.2,48.3,2.6744820391307,2025
Utah St.,MWC,33,25,8,68.2,120.64829146752,104.6772192279,0.83657723557965,55.3,51.9,37,35.6,34.7,30.3,16,20.1,57.5,34.9,70.2,52.7,34,72.3,42.6,44.4,9.3,9.9,60.9,59.2,2.2553312971618,2025
Indiana,B10,32,19,13,68.7,112.6646177255,97.801290772873,0.83575728325631,51.1,49.8,33.1,29.6,31.5,28.1,16.7,16.4,52.6,32.1,70.6,50.3,32.7,72.5,33.2,38.9,9.2,8.2,58.4,51.8,0.72820711319595,2025
Northwestern,B10,33,17,16,65.7,112.80654166432,97.932334105273,0.83563082152815,49.8,49.9,31.3,36.6,31.2,30.1,14.9,19.8,49.7,33.3,73.3,49.4,33.8,75,34.2,39.3,10.7,8.9,55.8,61,-2.3484068173451,2025
SMU,ACC,35,24,11,69.7,116.21237016727,101.02967351831,0.83341940719361,54.5,48.1,36.7,32.7,36.3,29.9,17.2,17.9,53.3,37.8,71.4,47,33.1,74,35.1,41.1,10.7,10.1,56.1,62,-0.51521150443201,2025
UC San Diego,BW,33,28,5,66.5,112.12163230577,97.767439471855,0.82855432722478,55.1,47.8,33.4,29.9,25.6,28.6,13.4,23.3,56,36.1,74.7,46.3,33.1,74.6,49.6,44.4,7.2,9.9,56.6,52,0.91663483664152,2025
San Diego St.,MWC,30,20,10,66.6,108.7116839688,95.005528299594,0.82488314375771,50.5,45.9,32.3,37.4,29.2,31,16.8,19.5,51.5,32.6,66.5,45.1,31.2,70.7,39.6,47.1,18.4,8.6,50.8,50.4,0.99134711323173,2025
Nebraska,B10,31,17,14,68.3,111.92094992018001,98.247325110145,0.81735141383421,51.5,50.9,36,27,26.8,28.8,16.2,17.6,53.3,32.5,74.8,50.6,34.1,70.5,38.5,46.2,9.1,8.8,52.5,53.6,-1.0962001517402,2025
Memphis,Amer,35,29,6,71.3,112.46627078117,98.741750363708,0.81707778192954,53.5,48.6,39.3,33.9,35.3,32.3,19.3,18.9,52,37.6,70.2,48.6,32.4,71.3,33.3,41,13.3,9.2,51.5,54.2,5.0555888957238,2025
USC,B10,33,16,17,69,116.2753822079,102.09240858303,0.81697031608058,54.6,52.4,36.4,34.9,28.2,30.9,17.8,17.8,54.3,36.7,74.6,54.3,32.9,75.4,34.7,38.5,8.4,9.3,56.9,58.4,-3.4429411488422,2025
McNeese St.,Slnd,33,26,7,66.2,113.22231057116,99.458188788636,0.81616572789485,53,47.7,35.3,31.9,34.5,31.7,16.2,21.7,53.1,35.2,69.4,46.9,32.4,71.8,36.6,46.9,12,8.3,49.9,55.3,-0.62391424145819,2025
Penn St.,B10,31,16,15,70.9,114.02265137394,100.63186620247,0.80793904077637,54.1,51.9,37.9,29.4,28.6,29.1,17.4,19.8,55.6,34.3,75.6,51.3,35.3,72.6,36.2,38.3,11.3,8.7,57.8,63.9,-3.4200327326313,2025
Kansas St.,B12,33,16,17,67.8,109.89593176131,97.069448539853,0.80646970955448,50.6,49,27.6,28.6,29.4,31.7,17.7,18.1,51.8,32.5,69.1,49.9,31.5,73.4,40.2,35.7,9.2,10.1,59,55.3,-2.46432620322,2025
Liberty,CUSA,32,25,7,66.2,111.5479920605,98.645251698931,0.80433871658764,57.8,46.5,30.3,26,19,28.1,15.4,17,57.5,38.7,65.2,48.3,28.7,73.8,48.2,34.5,7.9,9.1,61.4,39.3,-0.22386483072558,2025
Iowa,B10,33,17,16,70.5,119.50284856675,106.00300653283,0.79875587526806,56.8,54.4,26,28.3,25.1,32.2,13.7,17.9,56.6,38,70.5,56.2,34.4,70.4,41,38.8,11,7.6,59.8,54.1,-2.1390859197303,2025
San Francisco,WCC,34,24,10,68.6,111.18556102813,98.681329495255,0.79770386037998,52.8,48.5,34.7,36.4,29,27.7,16.7,17.8,54.1,34.1,71.7,52.2,27.9,70.9,43.7,35.5,9,7.9,52.2,47.6,0.094849616812224,2025
Arizona St.,B12,32,13,19,69.1,112.49782693121,99.906221210524,0.79658285776339,51.4,50.5,35.9,31.2,25.2,30.4,17.5,16,49.8,35.8,72.4,51.4,32.9,75.5,42.8,40.3,12.1,11.3,51.2,54.2,-3.0576719587684,2025
Pittsburgh,ACC,32,17,15,67.2,114.67439924818,102.28972607706,0.7882329764224,52.2,51.1,34.2,32.8,29,29.9,14.8,18.3,52.4,34.6,78.2,50.4,34.7,72.6,41.4,41.3,12.5,7.9,51.4,52.7,-3.8911725041333,2025
Utah,B12,33,16,17,69.7,112.22103074314,100.36488012667,0.78314140882714,51.8,49,36.8,33.3,34.4,28.2,17.8,15.6,54,32.7,64.1,47.6,34,70.1,43.9,40.3,10.2,12.9,65.6,51.6,-2.9387578489823,2025
North Texas,Amer,33,25,8,61.2,109.640224399,98.160590586288,0.78106684212663,51.6,46.9,35.8,37,32.6,27.9,17,19.4,50.1,36,77.2,47.9,30.3,74.6,36.8,38.1,8.6,8.7,45,46.5,-1.6470717799996,2025
TCU,B12,32,16,16,67.2,106.26192285996,95.563401425848,0.77212454799022,46.8,50.9,33.5,28.3,33,29.6,17.3,19.5,47.8,30,64.7,53.4,31.6,73.8,34.7,42.5,10.7,9.2,49.9,63.5,-1.6266468319557,2025
Rutgers,B10,32,15,17,69.4,115.43056564914,103.81209888301,0.77206295433646,50.6,52.8,36.2,30.5,30.8,32.2,15.4,17.4,51.3,32.9,71.8,52.9,35.1,69.6,36.3,37.7,10.2,8.4,47.7,51.5,-3.2635106650144,2025
UCF,B12,33,17,16,72.5,114.83991599302,103.30220663179,0.77164522556043,49.4,51.1,36.3,30.8,32.4,34.4,17.2,18.1,48.6,33.6,77.7,52.1,33,73.4,41.3,37,11.1,10.4,53,53.5,-1.9249522591592,2025
George Mason,A10,35,26,9,65.4,105.7987599158,95.480401191194,0.76496661831691,51.7,45.6,42.7,31.4,31.8,29.3,19.8,19.2,50.9,35.4,71.4,45,31,71.2,36.4,46.2,10.7,10,52.7,53.6,-0.39120995378326,2025
Wake Forest,ACC,32,21,11,67.9,107.06684172642,96.972613651413,0.7574563684189,49.4,47.2,36.1,31.5,26.8,31.5,16.7,19.7,52.9,28.5,75.6,48.2,30.7,77,35.2,45.8,12.7,7.5,45.8,57.4,0.58789289668131,2025
South Carolina,SEC,32,12,20,66.1,109.49643390799,99.311630244651,0.75449602931962,48.9,51.5,43.3,30.4,30.4,27.3,18.4,15.6,49.8,31.6,71.5,51.1,34.8,71.1,39,34.6,7.8,13.9,54.7,49.9,-5.5235539479136,2025
Butler,BE,34,15,19,68.2,115.58984957181,104.88313495111,0.75358343506596,53.2,49.6,37.1,20.7,26.3,29,16.2,11.5,51.8,36.8,74,51,31.4,75.4,41.2,37,6.7,10.2,55,48.6,-5.9125558855418,2025
Stanford,ACC,35,21,14,66.8,112.84598790643,102.57325407067,0.7498171693712,50.7,50.5,29.9,35.5,30.9,28.4,15.6,17.4,50.2,34.2,78.9,50.7,33.4,74.2,41.7,33.7,10,6.8,53.9,40.5,-2.7830913333717,2025
Yale,Ivy,29,21,8,68.1,113.96810109451,103.80987396378,0.74528307583679,54.7,49.1,31.8,28.9,32.7,25.9,14.5,16.1,53.3,38.4,73.4,48.2,33.4,75.8,32.2,47.8,11.4,7.7,53.8,57.8,-2.5998141417024,2025
Dayton,A10,33,22,11,66.5,115.22150594335,105.07947790814,0.74261472964929,53,51.1,37.4,31.4,29.4,28.6,15.5,17.6,52.1,36.1,75.1,52.5,32.9,74.8,41,42.4,10.4,10.4,59.2,50.8,-1.5365045745038,2025
Colorado,B12,34,14,20,68.3,108.3151771088,99.132516511616,0.73473088435355,50.6,49.5,36.3,34.8,28.9,28.3,21,16.4,51.9,32.2,75.4,48.5,34.1,70.5,37.3,39.1,11.1,10,58.4,50.8,-4.3408984166771,2025
LSU,SEC,32,14,18,68.8,108.5524474937,99.366092111076,0.73436030065181,51.1,48.3,32.5,29.5,29.5,34.3,18.6,16.5,55.2,30.5,71.4,48.2,32.3,70.6,43.5,35.8,11.7,9.9,48.8,47.4,-3.8664592771455,2025
UC Irvine,BW,36,30,6,69.4,105.16120826675,96.297341565228,0.733532268358,51.5,46,35.5,22.2,28.1,26.5,18,17.8,50.7,35.4,80.7,43.2,33.9,72.3,35.5,37,8.9,6.8,60.3,55.2,0.071015837426556,2025
Saint Joseph's,A10,35,22,13,68.8,109.44997067286,100.52753977545,0.7266937433136,51.6,46.9,31.7,25.9,30.3,27.9,16.4,16.2,52.8,33.5,74.6,45.3,33.4,75.1,46.5,32.9,13.8,9.8,56.2,50.8,-4.8207101114919,2025
Bradley,MVC,36,27,9,66.5,111.64955865201,102.72413274715,0.72275254594654,56.7,47.7,32.4,35,26.1,28,17.4,15.6,54.6,39.7,74.8,47.2,32.3,72.8,42.3,42.9,11.7,7.2,53,51.6,-1.6243869296856,2025
Oregon St.,WCC,31,19,12,64.5,115.48544626868,106.6500507353,0.71408416375224,54.6,51.1,38.9,32.3,31.8,27.6,16.6,16.6,54.5,36.5,78.9,50.4,34.7,72.2,35.9,41.2,8.6,7.4,55.2,57.3,-4.2857780703534,2025
Nevada,MWC,33,17,16,64.6,112.20116458427,103.66798208906,0.71292867823008,53.7,51.3,37.3,37.9,27.4,26.5,15.5,18.7,55.3,34.1,70.3,49.5,35.7,72,37.5,44.7,12.4,7.5,58.8,62.3,-6.4574196912517,2025
High Point,BSth,33,27,6,67.1,117.44737863035,108.60777360602,0.71091768548228,56.3,49.1,37.2,36.3,33.6,30.6,15.3,16.4,57.3,36.6,76.2,48.9,32.9,70.3,39.4,35.6,7.1,7.8,45.2,42.8,-1.7235236746179,2025
Minnesota,B10,32,15,17,63.4,109.63153780271,101.39297553387,0.71061948850941,49.9,50.1,31.5,33,30.2,30.6,16.6,16.3,50.7,32.2,66.4,49.2,34.5,74.3,35.9,34.3,12.9,10.1,61.3,60.4,-4.0965117637082,2025
Florida St.,ACC,32,17,15,70.4,108.1443051587,100.10940559254,0.70844273164666,50.7,48.5,39.4,37.5,29.7,31.8,17.4,19.1,52.3,31.7,71.7,48.9,32,73,33.7,42.1,14.1,7.1,50,50.7,-5.2807351638677,2025
Arkansas St.,SB,35,24,11,70.4,110.10205665949,101.97273817421,0.70725213414833,49.6,46.1,33.1,37.1,33.7,30.3,14.7,17,50.6,32.2,72.8,46.4,30.3,70.1,44.6,35.1,11.3,10.6,51.3,48.9,-4.4157938759021,2025
Oklahoma St.,B12,35,17,18,72.3,107.77148766121,99.944854015076,0.70412886886061,48.6,53,41,36.4,31.1,29.6,19,20.3,48,33.1,71.7,53.1,35.3,70.8,34.7,42.6,8.9,11.5,51.4,55.5,-3.4185645590093,2025
Georgetown,BE,32,17,15,69,106.84672863735,99.215072322609,0.70103103137189,50.4,49.4,25.8,29.3,31.6,28.9,17.1,19.6,52.1,31.8,70.6,48.5,33.8,75.8,37.4,39.6,11.1,9.5,53.4,55,-4.4875486685007004,2025
Grand Canyon,WAC,33,25,8,72,107.40369493256,99.819132838831,0.69892817895398,50.7,47.3,43.6,32.4,32.4,28.9,18.5,20.3,52.6,31.3,73.3,46.7,32.3,72.2,33.8,34.1,13.1,9,51.6,47.7,-2.5748885779853,2025
St. Bonaventure,A10,33,21,12,65.2,106.44738940915,98.978993522349,0.69773749707289,49.9,50,30.6,24.4,27.6,27,15.9,18.9,51.5,31.3,72.9,50.8,32.7,72.8,35.2,47.1,11,9.5,42.9,57.7,-4.1737022071018,2025
UNLV,MWC,33,18,15,66.5,107.47952737908,100.24693354071,0.69021720595607,49.7,49.3,35.8,32,27.3,29.8,16.2,17.8,49.6,33.3,71.7,50.5,31.9,71.2,34.6,43.4,11.5,8.7,49.6,61.3,-5.1123350184045,2025
Washington St.,WCC,33,19,14,71.4,112.78584862168,105.41923754244,0.68498484693928,56.7,51.3,32.4,32.6,31.3,33.4,20.4,17.3,58,36.5,69.8,52,33.5,72,41.5,38.8,13,8,59.3,50.1,-4.7558466843129,2025
Notre Dame,ACC,33,15,18,65.4,111.1304805724,103.93904228724,0.68338130443052,51.7,51.4,31.8,30,29.6,26,16.5,14.9,50.8,35.5,74,53.6,32.1,75.4,37.5,40.5,5.1,9.1,44.2,55.1,-7.1036260058234,2025
UAB,Amer,36,23,13,69.9,116.10216228869,108.85055942404,0.67736480754507,50.2,51.2,31.3,28.5,37.7,30.3,13.8,15.2,49.8,34,75.9,50.4,35,72.2,29.3,34.7,10.4,8.2,53.3,49.6,-6.0072495685896,2025
Akron,MAC,33,26,7,71.9,112.91236701894,106.21572491944,0.66887652548031,54.9,50.1,27,33.1,32.5,29.4,16.4,17.3,55.2,36.4,75.1,51,32.4,72.3,45.2,38,9.8,7.5,57.9,45.1,-1.6315275658819,2025
Lipscomb,ASun,33,23,10,66.9,109.45879217655,103.10199150128,0.66553046352905,55.6,49.1,31.2,22,23.8,26.6,14.7,15.9,56.5,36.4,79.6,50.5,31.2,67,47.6,37,7.5,10.4,55.1,40.1,-4.1827438750876,2025
Loyola Chicago,A10,35,24,11,67.6,108.01980044308,101.84493048493,0.66305239650166,52.5,48.4,31.5,33.8,29.5,27.5,17.2,17.4,53.6,34,67.2,47.3,33.5,73.4,42.6,39.7,13.7,9.3,60,49.8,-4.7533253507649,2025
Virginia,ACC,32,15,17,61.7,110.04800923352,103.78510923477,0.6623610031639,52.7,50.8,26.4,28.8,22.4,29.7,16.4,15.7,49.9,37.5,75.3,50.6,34.1,75.5,42.8,38.7,11.3,9.4,63.6,50,-5.7728341520787,2025
Providence,BE,32,12,20,66.9,110.80846705286,104.51268768135,0.66210505054417,52.1,49.5,29.6,32.8,33.2,28.7,19,13.8,51.1,35.6,68.6,49,33.5,72.6,45.5,37,9.2,9.3,51.2,48.9,-8.3193520201012,2025
Troy,SB,32,21,11,66.9,106.16755930357,100.26740377304,0.65870898415373,49.8,47.5,37,29.2,38.1,31.7,19.8,19.6,53.6,30.1,72.4,46.5,32.8,71.9,45,38.3,12.5,10.6,55.9,52.1,-4.1902919548555,2025
Georgia Tech,ACC,34,17,17,69.5,106.4517884874,100.9155848448,0.64889598471361,50.2,49.3,30.7,28.1,30.3,28.6,17.4,15.8,49.5,34.3,68.7,46.9,35.1,72.4,36.8,40.8,10.2,9.8,56.1,55.1,-5.2717734842346,2025
Northern Iowa,MVC,32,19,13,65.9,109.12873971323,103.54111820512,0.64667006378335,55.2,51.4,35.1,28.2,24.9,25.3,15.9,17.4,55.2,36.8,68.8,50,35.6,70.1,36.3,40.8,9,7.9,52.9,44.8,-6.2095450774125,2025
DePaul,BE,33,14,19,67.8,109.60277874093,104.11930150319,0.64342057702326,52.7,51.4,27.4,28.9,27.2,28.7,17.9,15.5,53.3,34.6,70.6,51.3,34.4,70.3,46.4,35.5,9.4,10.5,60.2,54.3,-7.2827368841387,2025
St. Thomas,Sum,31,21,10,68.6,114.28015169509,108.68380162314,0.64047275418361,57.8,52.5,34,35.9,21.5,31.2,13.7,18.5,58.1,38.3,77.6,52.1,35.4,75.5,46.8,41.3,9.3,9.8,52.1,50.6,-5.1887793415541,2025
North Dakota St.,Sum,29,18,11,65.8,116.35899576306,110.66468741085,0.64038077361026,58.2,51.4,32.6,27.1,26.2,29,15.6,11.1,56.5,39.8,79,51.3,34.3,70.1,53.6,39.1,4.8,9.3,55.2,41.2,-6.4061897805731,2025
N.C. State,NA,31,12,19,65.9,107.86574302686,102.66652042129,0.63832800004879,48.3,51,32.3,32.2,28.8,32.5,14.4,18.6,48.3,32.2,72.6,50.8,34.3,76.3,36.2,32.6,10.2,8.4,51.6,48.4,-8.9855453505275,2025
Washington,B10,30,12,18,68.4,108.72283414901,103.57679011305,0.6359013323964,50.6,53,34.5,36.2,27.5,28.5,17.5,16.7,50.1,34.4,69,53.3,35.1,75.2,35.7,35.4,10.1,11.5,50.8,47,-5.1604693968326,2025
UNC Wilmington,CAA,33,25,8,66.2,111.75046220679,106.59322536737,0.63259293380464,52.1,50.8,37.4,30.4,35.1,28.2,16,17.1,53.7,32.8,75.5,50.7,34,67.9,36.4,43.5,10.4,9.5,55.1,49.3,-3.1898871091859,2025
New Mexico St.,CUSA,29,14,15,65.5,104.90980272396,100.09999082513,0.63174511508893,46.2,46.9,34.5,39.2,32.5,27.7,15.6,15,46.1,30.9,67.7,48.8,29.5,70.4,37,42.8,6.8,10.3,45.6,52.5,-8.4585223048446,2025
Florida Atlantic,Amer,33,17,16,69.7,112.29763732254,107.35599823109,0.62656952042482,53.4,50.1,33.3,33.3,30.7,31.5,16.3,16,53.9,35.1,70,47,37.1,74,40.3,35.8,11.3,8.7,56.9,51.7,-7.7035697560883,2025
Middle Tennessee,CUSA,32,20,12,69,108.695781013,104.0278409483,0.62358334597884,50.9,48.9,32.4,31.2,30.7,28.7,16.6,16,53.3,31.5,67.8,49.8,31.5,73.3,39.6,35.7,10.8,9.5,45.5,49.5,-4.1590737918176,2025
Kent St.,MAC,34,22,12,66.8,105.00858211735,100.57715526563,0.62148233478147,48.7,48.4,30.2,37.9,35.3,27.6,17.3,18.3,49.8,31.2,74.8,49.6,31.2,74.2,37,42.2,9.7,8.8,45.6,56.7,-5.7729449997418,2025
Syracuse,ACC,33,14,19,68.9,110.00845273964,105.52889483579,0.61729502236442,51,52.9,33.1,33,31.4,26.1,17.9,14,51.9,32.8,70.5,53.6,34.5,71.6,32.7,38.1,6.8,9,49.9,47.5,-7.8755003688643,2025
Illinois St.,MVC,35,21,14,66.5,113.05684993812,108.73006894881,0.61034382861517,56.3,53.1,31.9,31.8,24.7,25.2,15.9,16.3,57,37.1,74.8,53,35.5,75.4,46.7,42,5.6,8.9,53.9,47.5,-7.7991704400174,2025
South Dakota St.,Sum,29,17,12,69.8,110.14407162776,105.96424581192,0.60942751644062,53.6,50.9,31.2,29.9,33.6,21.4,17.6,12.7,54.5,34.8,75.3,52.3,32.9,76.2,40,47.8,7.3,7.5,49,46,-6.1613434206913,2025
Northern Colorado,BSky,32,22,10,69.4,111.85733482305,107.6134088557,0.60940421681814,57,52.3,33,35.2,25.8,22.4,15.9,15.4,57.9,37,72.6,51.9,35.4,74.7,37.5,34.3,5.7,9.4,52.4,37.6,-4.137860952594,2025
Utah Valley,WAC,32,23,9,68.8,105.99751964248,102.02162338934,0.60817693027225,50.6,47.6,42,31.5,30.9,26.6,17.3,16.9,51.5,32.5,69,45.9,34,70.7,31.2,33.5,13.5,9.8,57.2,49.2,-3.182403295962,2025
Saint Louis,A10,32,17,15,68.1,108.67153011466,104.81906926992,0.6023059465621,56.3,49.2,30,24,23.4,28,18.6,14.3,59.9,35.1,69.2,48.3,33.7,71.4,50.1,39.7,7.4,11.9,56.6,48.4,-6.4883768229155,2025
George Washington,A10,33,20,13,67.9,106.71454630297,102.95553849927,0.60166150090837,50.6,48.7,41,26.2,31.5,32.5,18.6,19.2,53.2,31.3,69.5,49.4,31.8,73.1,42.2,38.7,8.6,13.8,55.5,52.6,-6.5971231347556,2025
California,ACC,33,14,19,68.2,110.15870215217,106.33609048593,0.6001641929396,47.8,53,38.9,32.8,34.7,28.8,16.6,16.3,48.2,31.5,74.6,51.3,37.6,74.1,37.8,32.8,9.3,10.4,41.2,42.8,-8.2230602570217,2025
North Alabama,ASun,33,22,11,67.4,110.34307223371,106.7409300208,0.59427851665728,51.3,50.4,31,28.2,33.4,28.8,12.8,16.6,51,34.6,70.4,51.6,32.5,69.8,34.5,43.4,9.5,9.6,42.3,51.8,-5.8183447477962,2025
Cornell,Ivy,27,16,11,71.4,114.48590852246,110.81288020724,0.59266669762484,58.7,52.2,28.6,31.3,25.5,28.9,16.8,15.3,61.1,37.4,76.2,52.3,34.7,70,48.6,39.1,8.1,6.5,60.7,53.9,-7.1666611275339,2025
Jacksonville St.,CUSA,33,20,13,65.4,108.70431343463,105.28439549187,0.59088182011341,49.7,49.2,31.8,27.4,31,26.3,15.9,13.5,49,34,74.3,47.2,34.6,70.2,36.9,43,9.9,8.7,43.7,52.7,-5.5318397531927,2025
South Alabama,SB,30,19,11,63.8,106.21279457631,103.02214783585,0.5868010717208,50.8,48.5,33.6,24.4,28.3,32.2,14.6,20.6,53.6,31.7,70.9,46.9,33.1,69.5,45.6,59.3,11.3,10.7,56,69.7,-6.2753158088771,2025
Belmont,MVC,32,21,11,71.3,112.08798661333,108.757840665,0.58585217231897,54.8,53.7,26.1,27,27.2,29.4,15.9,17.6,52.9,38.1,71.3,54.6,35.1,72.3,44.6,43.4,9.1,9.9,60.1,55.5,-5.0793432786762,2025
Chattanooga,SC,34,25,9,67.2,113.91004970426,110.5849843345,0.58435691441776,56.5,51.6,31.4,33.2,25.4,29.5,15,16.3,57.9,36.5,77.1,50.7,35.3,69.8,45.5,41.1,8.4,8.7,60.7,49.3,-4.0469345747203,2025
Duquesne,A10,31,12,19,65.8,105.84556194499,103.01311567125,0.57735741691684,50,50.2,30,39.5,32.9,30.7,18.3,20,49.2,34,64.5,48.1,35.9,72.2,43.2,35.9,12.6,10.2,54.7,53.4,-12.966507107601,2025
Kennesaw St.,CUSA,30,16,14,70.9,106.58022337032,103.7993666659,0.57542938779919,49.3,48.3,38.8,42.6,32.5,27.4,19.7,15.1,52.2,30.6,73.2,48.1,32.5,69.6,45.5,38.4,11.8,11.7,50.5,52.6,-7.2648907857697,2025
Davidson,A10,32,16,16,66.4,109.92248588892,107.18615387503,0.57197072010059,52.4,52.3,29.2,28.1,24.4,26.9,14.6,15.4,53.3,34.1,75,51.9,35.3,70,42.1,39.9,7.3,8.8,56.9,49.2,-9.1783625869117,2025
Samford,SC,31,20,11,71.6,111.17747473868,108.50210172673,0.56957561955908,54.6,53.4,29.4,42.6,34.7,33.5,18.6,21.6,53.9,36.9,72.1,54.1,35,69.9,47.1,44,10.8,10.3,56.2,59.6,-4.8351214421041,2025
UTEP,CUSA,30,15,15,69.2,106.13912008604,103.63875855581,0.56811194565287,49.3,52.4,37,40,25.4,32.4,16.6,22,47.7,34.6,71.9,54,33.4,71.5,36.2,41.2,8.9,9.7,51,57.7,-8.4974939515524,2025
Louisiana Tech,CUSA,29,17,12,65.1,107.9022474254,105.37811103341,0.56763629819131,52.5,47.8,35,32,29.3,28.7,18.9,14.7,53.5,34.1,75,48.8,30.8,69.9,41.4,38.9,11,8.9,57.5,47.8,-6.4514565372829,2025
Wichita St.,Amer,33,18,15,69.4,106.56357355895,104.34355514943,0.56023307441943,48.6,50,34.9,28.6,32,28.8,16.3,15.5,49.9,30.2,72.7,49.7,33.6,67,28.4,38,11.6,10.6,44.6,51.3,-7.2107467784,2025
Tulane,Amer,31,17,14,67.4,107.7972017527,105.63980157898,0.55786201963252,52.1,48.4,35.1,32.8,27.2,32.4,15.9,17.4,52.9,33.9,75.2,48.3,32.3,73.5,39.4,43.1,13.1,10.3,56.7,60.1,-8.5493539511694,2025
Cal St. Northridge,BW,31,20,11,72.9,106.67585659943,104.7586918304,0.55195089739577,51.7,50.1,35.6,44.8,35.2,24.3,18.8,20.2,51.6,34.7,72.9,46.7,35.7,77,30.7,50.8,10.6,8,55.3,62.1,-5.0478946722291,2025
Furman,SC,32,22,10,66.5,109.32012158138,107.5068907819,0.54793818872803,53.7,49.6,34.6,28.9,30.1,31,17,16.4,53.5,35.9,69.4,49.5,33.1,73.8,51.5,38.5,8.9,11.3,64.1,47.6,-4.3821794679955,2025
Nebraska Omaha,Sum,33,20,13,68.2,111.02277524234,109.21136680937,0.54715381757222,52.6,53.2,36,37.2,29.8,25.9,15.6,14.8,52.1,35.6,73,53.5,35.2,71.9,39.1,45,7.1,8.6,49.7,52.2,-6.4576194884808,2025
Seattle,WAC,30,12,18,66.7,103.72303156129,102.15809688004,0.54359650248267,46.5,51.2,42.3,36.7,29.9,27,17,20.9,46.3,31.3,71.3,53.3,31.9,72.1,36.3,38.6,9.7,11.4,51.3,56.3,-12.171998261332,2025
Montana,BSky,32,22,10,67.8,110.76946803579,109.12685601005,0.54284759481785,56,52.5,35.6,32,22.5,29,16.1,15.5,56.9,36.3,74.6,53.7,33.6,74.2,36.8,35.1,7.9,8.8,49.4,45.6,-3.0405860423442,2025
Texas A&M Corpus Chris,Slnd,30,16,14,68.2,106.76209697877,105.19926155061,0.54229540250358,52.8,49.9,36.7,40.4,31.9,30.7,17.8,18.3,53,34.7,62.2,48.4,35,67.4,29.2,36.7,10.1,11.6,51.4,53.2,-8.2112610448308,2025
Wofford,SC,33,17,16,64.7,111.29687450716,109.76439369688,0.53977758814292,53.2,51.9,30.6,36.4,35.5,26.3,16.9,14.7,54.2,34.8,66.7,52,34.5,69.2,47.7,46,8.7,9.8,55,49.6,-9.6530720439221,2025
Miami OH,MAC,32,23,9,69.6,108.10968705039,106.71989742538,0.53713031553895,55.4,51.3,28.1,33.3,27.5,29,17.4,19.1,53.9,38.2,72.4,51.9,33.6,71.6,44,39.9,10.1,9.7,55.4,48,-4.3502556104452,2025
Virginia Tech,ACC,32,13,19,65.8,106.5513881507,105.25827051399,0.53504715231849,51.2,52.3,30.8,31.8,31,29.2,20.1,16.2,50.3,35,71.4,54.6,32.6,75.8,40.4,41.2,5.8,9.9,51.5,55,-9.3100319731935,2025
Loyola Marymount,WCC,31,16,15,67.8,103.9074184481,102.78911250678,0.53106988183091,50.2,48.5,29,28.9,22.8,30.9,15.2,15.7,50.6,33.1,72.2,49,31.8,75.7,40.4,36.6,10.4,6.6,50.9,51,-6.9138031379338,2025
Milwaukee,Horz,30,19,11,69.4,106.40270151802,105.69386877781,0.51920727797457,51.4,51.5,38,32.4,39.8,26.6,19.4,18.3,53.1,31.9,68.2,52.2,33.6,73.2,31.5,38.6,9.3,10.3,49.5,51.5,-6.7921531855082,2025
Western Kentucky,CUSA,30,15,15,72.5,103.0960203894,102.44242911716,0.51827632804822,47.9,47.4,32.1,40.6,23.5,28.1,15.5,17,48,31.7,72.2,48.7,30.5,74.1,39.7,44.1,8.1,11.4,44.1,54.7,-8.2676633092522,2025
Robert Morris,Horz,34,25,9,68.7,105.26135418769,104.62484717596,0.51743060473609,51.2,50.7,37.6,30.3,35.2,28.1,18.2,18.7,50.7,34.6,71.8,50.6,34,72.4,36.7,35.6,11.9,9.5,60.4,52.2,-4.0574078187285,2025
Murray St.,MVC,32,15,17,65.4,105.45264892076,104.82366476811,0.51719282468789,49.3,51.2,41.2,35.5,29.1,26.4,16.9,17.3,48.6,33.6,72.2,52.6,32.1,74.2,40.1,32.1,7.9,10.5,49,37.7,-10.238553518711,2025
James Madison,SB,30,18,12,65.7,110.0142243771,109.38967837243,0.51636191041412,50.7,50.9,30.4,33.4,32,30.5,15.8,15.6,50,34.3,76.4,49.6,35.5,71.8,45.2,35.1,8.4,8.1,45.8,41.4,-7.3284720111041,2025
Appalachian St.,SB,29,15,14,63.9,101.1085133652,100.55755575336,0.51570404072113,49.6,46.1,35.1,22.2,27.6,29.6,16.9,14.8,48.7,34,65.5,47,29.8,74.4,41.1,40.1,8.8,10.9,51.7,49.8,-9.3168857953584,2025
Temple,Amer,31,16,15,69.5,110.0225890492,109.46762056173,0.51453448234255,49.9,50.6,45.2,36.4,32,31.2,15.7,15.1,48.2,35.8,73.4,51,33.3,70.7,31.3,36.4,9.2,10.2,40.8,54.1,-9.477301378491,2025
Bryant,AE,33,21,12,73.1,106.02013790971,105.49594129366,0.51424629699251,50.7,47.8,29.9,30,33.8,29.5,16.3,16.4,51.3,33,71.6,47.3,32.5,72,34.7,36.1,14.7,5.7,48.7,43.2,-7.0563635352627,2025
Charleston,NA,32,23,9,71,105.2157911412,104.71941191215,0.51359220669965,52.4,50.1,34.6,26.5,26.5,28.3,16.2,16.4,51.8,35.5,71.1,51.4,32.1,71.2,40,39.7,6.3,10,58.7,53.7,-4.549979753671,2025
UC Santa Barbara,BW,32,19,13,66,108.03343006087,107.52625592798,0.5135254658899,54.6,48.9,29.7,32,27.5,29.2,18.2,17.2,52.4,38.1,77.2,50.5,30.8,77.4,47.4,36.9,8.4,7.1,58.3,46.1,-8.1064697644291,2025
Rhode Island,A10,30,17,13,71.1,107.2302799803,106.73651593484,0.51326599279742,52.8,49.3,41.1,30.8,28.3,28.6,17.9,16,53.3,34.6,69.3,50.6,31.5,72.9,37.7,39.7,8.7,10.9,51.4,51.9,-7.866574233201,2025
San Jose St.,MWC,33,13,20,67,107.19963516608,106.85212721675,0.50933391207591,50.3,52,31.8,28.4,26.8,32.1,17.2,16.7,48.6,35.3,74,54.2,31.9,69.4,40.8,35.5,7.5,9.3,50.5,52.3,-10.298724919962,2025
Purdue Fort Wayne,NA,30,17,13,70.3,108.93965016055,108.9351272011,0.50011936680647,54.7,53.3,29.1,30,22,32.8,13.8,20.1,54,37.1,75.1,56.2,32.6,74,45.6,40,7.4,10,47.6,49.8,-8.2878677121938,2025
Cal Baptist,WAC,32,17,15,66.6,105.71024138807,105.72100729713,0.49970721465961,48.3,50.1,29.7,33.4,33.3,29.6,17.7,18.1,48.6,31.7,75.7,50.3,33.2,68.4,35,31.3,6.9,9.1,45.6,39.6,-9.7454014157074,2025
Radford,BSth,31,18,13,63.7,109.35129512162,109.38672528243,0.49906864298015,51.1,51,41.3,37,33.8,30,17.7,16.5,49.9,35.6,76.1,49.3,35.8,75.4,36.3,40.1,8.8,8.4,44.3,48,-7.2673191273255,2025
Sam Houston St.,CUSA,29,10,19,68.5,110.64191252621,110.90087899612,0.49327909437506,51,53.1,36.3,33.2,30.3,32.2,18.3,17.2,46.9,38.3,72.9,52.3,36.2,72.3,38.6,41.2,8.2,8.5,49.4,52.4,-11.729055456481,2025
Nicholls St.,Slnd,30,17,13,68.9,105.6679794257,105.9400359094,0.49260797534782,48.1,48.1,33.1,35.9,30.6,31.5,15.3,16.7,45.6,35,68.6,49.9,30.1,71.1,36.8,37.6,10.2,12,42.8,49.6,-7.2027055501617,2025
Cleveland St.,Horz,33,20,13,66.3,103.57730714973,103.88157188629,0.4915676898412,49.5,51.2,30.8,38.9,34.5,33.6,18,21.9,49.8,32.6,72.8,50.3,35,70,32.3,39.8,13.7,9.8,50.7,55.7,-7.4999146006534,2025
UC Riverside,BW,32,19,13,67.7,108.72404402819,109.36486076718,0.48311099287826,49.4,52.2,28,33.1,32.1,28.8,16,15.6,48.8,33.5,76.9,51.7,35.3,75.1,42.3,39,6.2,8.7,48.7,52.5,-4.7755728049746,2025
Lamar,Slnd,30,17,13,66,101.76282954124,102.44654259212,0.48075787075488,47.2,47.6,29,34.8,35.5,31.8,19,17.7,44.3,35.6,69.9,47.9,31.4,67.4,32.8,39.1,14.7,9.8,56.6,55.6,-7.1454892851969,2025
UNC Greensboro,SC,29,17,12,64.4,105.27818713461,106.01174993521,0.48004749668474,50.7,47.8,29.8,34,31.1,30.1,15.3,16.4,48,36.2,73.7,48.7,31,72.5,42.4,43.1,8.7,7.3,48.5,46,-7.625285262408,2025
Illinois Chicago,MVC,29,15,14,69.8,106.8848163558,107.63085836955,0.48001324116678,51.1,51.6,35.1,31.6,30,27.9,17.5,15.8,51.1,34,72.1,51.6,34.4,71.1,39.4,35.3,8.3,10.3,56,57.1,-8.0155445632343,2025
East Tennessee St.,SC,30,17,13,65.8,105.0556996318,105.8996616445,0.47701226313086,50.3,50.3,33.2,34.3,35.7,29.8,16.1,18.9,48.9,34.7,66.5,49.5,34.2,67.2,41.7,41.1,11,9.9,50.7,50.6,-9.1910671297466,2025
Marshall,SB,31,18,13,69.4,105.14106259845,106.19026688371,0.47148351232674,49.9,49.3,34.8,40.9,33,29.6,16.5,16.8,51,32.3,69,49.7,32.2,70.7,39.6,32.8,14.5,8.7,53.3,40.3,-8.6046193871645,2025
Ohio,MAC,31,15,16,71,106.69450216914,107.76353728282,0.47136839392793,53.4,52.3,33.5,36.4,23.9,29,14.9,17.8,53.9,35,76.5,50.4,37.6,70.4,40.1,32.6,7.2,8.7,49.4,47.5,-11.632673723781,2025
Towson,CAA,32,21,11,64.3,105.15020868744,106.4952139332,0.46352321647592,47.9,50.8,28.4,30.7,35.3,28,14.5,17.3,46.7,33.4,68.2,50.7,34.1,70.6,37.2,38.8,9.7,8.1,41.4,46.2,-5.8049512024183,2025
Florida Gulf Coast,ASun,33,18,15,66,106.43681387746,107.85360792997,0.46205606617121,53.6,50.2,23.2,29.6,30,26.4,16.2,14.1,53.9,35.5,68.9,48.2,35.2,71.6,38.2,43.3,7.2,8.7,50.5,49.8,-9.2861171856664,2025
Southern Illinois,MVC,31,12,19,68.6,105.83116524147,107.36024457946,0.45885166509519,51.6,52.6,34.2,33.7,30.3,28,18.3,15.2,51,35.1,67.8,51.5,36.1,70.9,33.6,39.8,8.5,8.3,52.3,53.7,-12.536306107155,2025
Boston College,ACC,31,12,19,67.4,105.2924871458,106.82108815845,0.45865639768045,48.9,51.9,31.5,37.1,28.8,30,17.3,15.5,47.5,34.5,71.9,51.3,35.2,71.7,33,35.9,10.5,8,45.3,48.4,-10.027279804451,2025
Miami FL,ACC,31,7,24,68.2,113.17207681785,114.82902615371,0.45830938904772,51.9,57.4,26.4,28.8,28.2,30.8,16,15,55.1,31.3,76.4,55.9,39.7,74.4,38.5,39.9,9.6,8.1,47,56.2,-13.576669298968,2025
Rice,Amer,31,13,18,66.1,105.75532946201,107.34175791476,0.45729688608381,48.6,47.8,43.3,35.9,33.7,29.6,17.8,14,47.8,33.2,68.3,47.5,32.1,71.5,38.8,36.9,8.5,10,50.9,47.7,-12.985602453044,2025
Winthrop,BSth,31,20,11,73.4,106.842414805,108.58783908473,0.45354661066164,53.3,51.4,47.7,37.1,31.2,31.5,17.7,18.7,55,33.8,66.2,50.6,35.2,72.5,38.3,37.9,8.7,11,43.8,46.4,-6.2009374302486,2025
Wyoming,MWC,31,11,20,65.3,103.22682545939,104.95470157401,0.45241916027783,50.3,51,30.4,41.1,30,27.2,19.9,15.8,49.5,34.4,65.2,51.7,33.3,71.7,40.7,37.3,8.2,9.8,48.2,47.1,-10.894230463724,2025
Oakland,Horz,33,15,18,64.3,106.17278311174,108.00437534513,0.45098409553418,50.1,51.4,31.7,27.8,34.1,32.6,18,16.2,53.2,30.6,69.9,49.7,35.9,73.4,42.3,41,8.7,9.8,51.1,61.7,-10.830437111896,2025
East Carolina,Amer,31,17,14,67.2,106.17884872482,108.06517584588,0.44954471304146,48.4,51.7,35.2,31.6,33.8,31.2,15.6,17.4,49.3,31.2,72.9,48.5,38.4,73.4,35.2,35.3,11.6,9.1,49.8,55.6,-8.7969817226461,2025
Montana St.,BSky,32,14,18,66.7,104.78509949781,106.66752231782,0.44898830453879,52.8,48.8,31.9,31.9,20.7,29.4,15.1,15.3,53.8,34.3,72.5,50.6,29.8,77.2,43,32,9,7.4,52,46,-12.011933957864,2025
Eastern Kentucky,ASun,30,16,14,68.3,108.98948177468,111.12489443183,0.44444564647848,49.7,52.6,26,31.8,32.4,33.2,13.8,17.8,47.7,34.9,77.4,52.1,35.5,71.1,42.2,37.3,9.5,8.6,47,49.5,-8.8684282545763,2025
Drexel,CAA,32,17,15,63.7,103.31963584495,105.47437031448,0.44093549637908,52.2,47.8,24.2,28.2,33,30.1,18.6,14.4,51.9,35,69.8,48.1,31.6,69.2,37.1,35.4,11.9,8.1,48.4,48.7,-11.620389324363,2025
UTSA,Amer,29,10,19,70.5,107.12378951874,109.37969563116,0.44036957866445,49.7,53.3,29,43.9,27,35.5,15.7,20.6,46.1,36.1,79.1,53.2,35.7,72.8,44.1,37.9,9.7,12.8,48.1,58,-12.554619658195,2025
Norfolk St.,MEAC,32,21,11,67,106.86259562473,109.13420974068,0.43981883605925,52.2,50,38.4,35.5,33.1,34.6,18.3,18.6,54.5,30.8,75.3,49.4,33.8,71.6,27.6,43.1,8.9,9.3,49,59.6,-5.3208224854485,2025
Northeastern,CAA,32,17,15,68.2,103.94013368763,106.28106474872,0.4363156459011,51.1,50.3,28,30.3,31.4,31.4,18.6,18.2,51.3,33.7,68.7,49.2,34.9,69.6,34.8,34.7,12.6,10.1,49.7,47.7,-11.058164482342,2025
South Florida,Amer,31,12,19,69,103.22991221632,105.69803807133,0.43248531761226,49.7,49.7,34.9,36.7,27.7,33.2,16.2,18.3,51.1,31.6,71.8,49.6,33.3,73.3,37.6,37.5,9.5,10.3,54,55,-12.359696363784,2025
Merrimack,MAAC,33,18,15,65.2,98.855090280217,101.29588507064,0.43033277295679,49.4,46.9,24.4,29.9,20.8,38.6,13.8,23.2,49.3,33,72.3,47.2,31,71.8,42.9,36.3,10.6,8.7,49.7,59.9,-9.8521800292794,2025
Central Connecticut,NEC,30,23,7,66.3,99.107983229756,101.73610030401,0.42531782100217,52.2,47.7,25.9,18.9,26.5,25.3,17.2,18.1,53.7,32.9,74.5,49,30.6,68.3,34.8,42,12.1,6,50.4,52.6,-4.6205743011552,2025
Princeton,Ivy,28,17,11,67.4,104.23985106641,107.03226767014,0.42457693791995,51.5,53.4,24.6,31.7,26.2,24.2,15.2,17.3,50.1,35.3,70.7,53.5,35.5,75,48.7,40.8,6,12.7,57,51.2,-6.2475708994036,2025
South Carolina St.,MEAC,30,17,13,69.9,101.88320068282,104.6358666363,0.4239492075664,50.8,50.1,42.9,47,35.7,32.7,19.9,22.8,50.2,34.7,70.2,51.8,31.1,69.7,33,34.1,10,8.2,56.9,55.7,-9.1766277696768,2025
Portland St.,BSky,29,16,13,68.9,101.03107823397,103.77438516135,0.42357944522596,50.5,50,34.3,34.9,33.4,30.4,18.4,19.6,51.7,32,63.5,51.6,31.7,73.4,31.7,39.1,13.7,8.2,48.6,52.7,-9.298246544879,2025
Cal Poly,BW,34,15,19,75.2,108.24650826368,111.21108284248,0.42293956014184,55.2,53.2,26.8,32.4,27.6,33.2,20.7,19.1,56,36.3,76.9,54.3,34.4,76,51.1,39.9,5.4,10.2,52.9,50.3,-11.790847123631,2025
Dartmouth,Ivy,26,12,14,71.5,100.37740683494,103.14330036991,0.42248156011219,50.3,49.1,30.3,23.2,22.8,24.9,16.2,13.8,49.8,33.9,75.1,52.1,29.6,70,46.5,38.5,7.9,9.3,56.9,51.9,-10.577030553376,2025
Wright St.,Horz,31,13,18,68.1,108.92685495513,112.14979302283,0.41694520491345,56.3,53.2,27,34.5,28,27.9,17.8,14.2,55.3,38.6,70,52.2,36.7,70.4,37.8,36,7.9,7.9,52.3,49.9,-13.483384284473,2025
Pepperdine,WCC,34,12,22,69.8,105.99443579865,109.14604729283,0.41654979770698,49.6,52.5,31.6,27.2,27.7,30,16.1,15.3,48.9,34,71.6,53.3,34.2,75.2,34.7,38.9,7.3,8.5,59.6,51.9,-12.442291066831,2025
Southeastern Louisiana,Slnd,30,16,14,67.6,103.71558161718,106.81948450552,0.41602523125481,49.2,51.4,34.7,36.5,30.9,29.4,17.4,18.8,49.5,32.4,74.5,51.9,33.7,67.2,31.6,42.2,7.1,10,46.2,50.8,-9.3034920795007,2025
Texas St.,SB,30,14,16,66.7,108.40449527694,111.81560470844,0.41185841784053,50.7,49.9,36,41.6,35.2,31.5,18.1,16.1,49.3,36.4,76,47.4,36.1,72,27.8,36.4,11.2,10,52.6,50.7,-11.447200670863,2025
Brown,Ivy,26,13,13,66.5,102.74556675506,105.98210538712,0.41176653389533,51.1,49.3,28,29.1,30.1,30.7,17.1,15.7,52.1,33.1,63.2,49.2,32.9,71.3,40.5,37.4,14,10.3,54.1,47.9,-8.619835863538,2025
Indiana St.,MVC,30,12,18,73,108.54879261545,112.03659697412,0.41006498568792,54.6,54.3,35.9,38.8,26.2,27,19.5,15.8,56.6,35,75.3,54.5,35.9,71.4,50.1,38,5.4,11.7,57.8,48.8,-12.086812609296,2025
Jacksonville,ASun,31,17,14,68.2,100.73425858558,104.07872273743,0.40718648856989,50.2,51.1,28.5,35,35.6,30.5,19.5,18.6,47.5,36.8,67.4,50.5,34.7,69.6,33.9,38.1,12.8,9.4,51.3,49.6,-7.666369197786,2025
Youngstown St.,Horz,32,19,13,69.9,101.21510841892,104.66207367169,0.40489238924246,49.8,48.8,36.4,35.8,29.3,31.2,17.6,18,52.1,31.3,73.7,48.1,33.5,70.5,46.2,32.8,13.2,8.8,51.4,52.6,-8.9141063330918,2025
Quinnipiac,MAAC,32,19,13,72.2,101.70097107303,105.27941574078,0.40186932764343,48.4,49.5,31.1,28.3,33.5,26,17.9,17.1,50.7,29.8,76.6,46.7,36.1,70.7,38,37.1,12.4,11.3,52.4,56.8,-9.2567306103238,2025
Seton Hall,BE,32,7,25,65.1,97.853524878412,101.34004776355,0.40068434506877,44.7,54.6,32.9,39.6,31.2,31.8,19.1,22.2,43.9,31.2,66.3,54.5,36.6,72.6,30.5,44.4,11.9,10.7,50.7,59.2,-12.996924211275,2025
Missouri St.,MVC,30,7,23,64.5,102.2180224734,105.92280424186,0.39904893981569,50.9,54.7,34.3,38.5,32,28.4,20.7,19.1,49.1,36,65.4,55,36.1,70.9,37,39.4,8.4,11.9,49.9,55.3,-16.94297088578,2025
Southeast Missouri St.,OVC,30,18,12,69.6,101.19737147107,104.9068959957,0.39795209267817,51.3,47.6,28.9,42.8,24,28.7,15.4,19,51.1,34.5,71.8,48.8,30,72.5,36,31.6,9.2,7.8,48.2,42.2,-8.6361589686912,2025
La Salle,A10,32,13,19,69.4,103.33797811813,107.12864931267,0.39788317000165,46.1,52.6,31.4,30,30.5,29.5,15.5,16.7,44.5,32.8,72.4,54.5,33.2,69.6,33.2,41.5,10.2,9,45.1,54.9,-11.760311106498,2025
Valparaiso,MVC,32,13,19,68.6,105.85136772284,109.79882470541,0.39626314802881,47.7,53.7,33.6,35.4,26.5,28.5,14,17.1,47.3,32.3,79,54.2,35.2,70.5,38.4,36,9.7,9,45.2,51.4,-12.544654742668,2025
Abilene Christian,WAC,29,13,16,69.9,98.015866545687,101.78145730989,0.39328286714078,46.7,51.4,37.2,51.3,30,31.5,20.7,24,47.8,28.9,71.9,52.6,32.6,69.2,25.3,32.5,8.4,11.2,51.6,51.6,-10.529019822658,2025
Queens,ASun,33,18,15,69.1,105.85912074182001,109.97706994802,0.39200993015598,52.8,52.1,34.2,30.4,31.2,29.3,18.2,15.9,52.9,35.1,68.9,52,34.9,70.5,43.6,37.1,13.5,9.9,59.7,45.9,-8.7050457383312,2025
Elon,CAA,31,15,16,65.8,106.56298457552,110.7770503982,0.39031002420337,50.4,48,38.7,25.1,36.1,31.5,19.1,13,50.8,33.2,76,46.9,33,71.4,41.5,44,12,8.1,48.6,57.8,-10.964336659006,2025
Idaho St.,BSky,27,12,15,66.6,105.13604577273,109.37325228305,0.38832022781354,47.8,54.1,34.4,32.7,38.3,25.9,16.3,17.9,48.3,31.2,74.3,53,37.3,69.5,36.6,37.7,12.2,10.4,47.9,53.9,-10.524808168279,2025
Central Michigan,MAC,27,10,17,67.9,104.20389728205,108.43183225565,0.38760755282734,49.8,53.1,35.8,31.3,32.1,29.1,17.6,18.2,51.2,31.3,73.2,52.5,35.9,70.4,33.3,43.9,8,8.8,48.9,54.8,-11.404978030453,2025
William & Mary,CAA,30,15,15,72.1,107.32553379511,111.7178682616,0.38668557704046,53.7,53.5,35.6,35.5,26.2,30.2,18.1,17.6,55.8,34.5,72.8,54.4,34.8,72.2,51.5,41.6,4.8,11.5,62,51.4,-10.618863863158,2025
Southern,SWAC,29,17,12,69.1,98.495102227318,102.62214333524,0.38413364857893,47.2,49.2,38.1,42.3,34.4,28.5,18.5,21.1,47.4,31.2,65.5,48.2,33.8,69.7,33.3,39.4,11.9,12.7,49.2,60,-7.1255921134406,2025
UT Rio Grande Valley,Slnd,27,12,15,71.2,105.22588943118,109.6561675611,0.38360749382161,51.7,51.4,22.7,29.9,30.8,33.9,19.2,17.6,55.4,31.8,71.1,52,33.4,74.4,49,35.1,6.8,7.8,57,51.3,-9.9134234477123009,2025
Northwestern St.,Slnd,30,14,16,64.5,102.43300689967,106.84875341477,0.38098695869353,48.7,49.8,32.2,33.1,33.1,32.6,20.2,17.4,46.5,35.2,70,46.8,36.2,70.7,35.7,39.7,12.3,11.5,53.3,50.8,-9.4443448032258,2025
Hampton,CAA,30,14,16,66.2,102.93540545978,107.43537596167,0.37940833186562,47.5,52.6,30.3,43.6,34,28.7,16,18.8,46.9,32.4,70.8,53.3,34.2,71.8,36.7,35.7,8.6,8.5,42.2,53.3,-11.473760532221,2025
Massachusetts,A10,31,11,20,71.1,101.63817100766,106.1012519148,0.37890257569953,45.1,49.8,34,36.6,34.3,31,16.1,17.5,46.6,28,67.2,49.7,33.2,72.2,32.2,39.9,13,8.9,48.2,57.6,-13.514366876238,2025
Hofstra,CAA,31,13,18,64.3,97.619938260549,101.93401991061,0.37817402509465,48.9,45.9,25.3,38,25.8,28.6,17.6,16.4,48.1,33.2,70.8,42.6,33.9,69.8,42.3,40.4,11.7,9.2,55.6,52.8,-13.376452437598,2025
UNC Asheville,BSth,28,17,11,68.6,107.61295993288,112.3974550616,0.37748135364295,52,53.4,34.4,40.1,29.7,34.1,14.8,18,52.4,34.2,72.2,53.8,35.2,70.3,35,38.9,11.5,5.4,45.6,50.3,-6.4702685386538,2025
Longwood,BSth,29,15,14,69.7,105.02852211592,109.79057788258,0.37520717965768,51.3,55.9,45.4,38.3,32.1,29.6,18,20.7,52.3,32.9,72.4,59.8,33.7,68.7,33.9,41.6,6.5,7.8,49.7,49.6,-9.7239675368955,2025
Delaware,CAA,34,14,20,71,109.1165921509,114.25350576831,0.37074277162538,55.1,52.2,30,32.9,22.4,32.5,16.6,15.5,54.1,37.7,77.7,51.9,35.3,73.9,39.9,34.1,7,9.9,50.8,45.2,-15.039125833204,2025
Fordham,A10,32,11,21,70.3,105.60826527659,110.58857791063,0.37053508556334,48.6,52.8,32.8,39.2,31.5,30.6,18.4,16.7,49.1,32,72.3,52.6,35.5,71.4,41.5,31.8,8.3,10.3,52.1,49.6,-14.061695206475,2025
Incarnate Word,Slnd,32,15,17,65.3,106.97513818409,112.05271707284,0.36975000602562,51.5,51.9,28.8,36.3,34.5,31.8,17.5,17.4,50.8,35.2,68.8,51.1,35.8,70.5,35.8,31.4,9.4,8.7,45,48,-11.665000746841,2025
SIU Edwardsville,OVC,31,19,12,66.7,100.56530583335,105.49058029396,0.36589575983399,48.5,47.6,33.1,33.1,31.3,29.7,17.2,17.1,47.9,33.1,67.3,46.3,33.1,70.4,36.6,38.7,11.7,8.3,51.8,48.4,-7.7185706593897,2025
Hawaii,BW,29,13,16,66.6,102.4232828763,107.62727586643,0.36125053647676,50.6,49.5,39.9,33.7,31,24.9,20.7,13.1,53.1,31,74.4,48,35,74.3,37.4,32.4,5.9,7.9,49.4,41.6,-11.184321808270001,2025
Campbell,CAA,30,13,17,66.5,100.78391682069,106.02046398916,0.35835445164535,50,52.4,29.7,29.9,24.6,27.7,15.8,18.8,51.5,31.9,76.4,55.8,31.1,70.2,41.8,36.8,8.5,10.3,54,52.5,-12.602721135187,2025
UMKC,Sum,29,9,20,65.1,100.73511627315,105.96941976571,0.35834716757383,48.4,51.2,30.9,35.2,32.8,29.7,18.6,17.1,47.5,33.1,76.9,53.6,31.8,73,44,40.8,9.9,8.1,48.1,47.9,-14.734619002028,2025
Bucknell,Pat,33,18,15,68.2,101.64643339258,106.97279163402,0.35724271416461,53.8,50.3,36.7,35.4,26,28,18.6,17,54.4,35.3,66.4,49,34.7,68.6,41,40.6,9.2,9.3,52,50.6,-10.294499262555,2025
Maine,AE,32,18,14,66.7,98.997060591566,104.1976061627,0.35691288518025,51.6,50.4,28.2,29,21.8,32.3,15.5,21.9,50.6,35.7,72.8,50.7,33.3,71.9,33,36.2,9.9,7.4,55.3,54.3,-10.236658549594,2025
Richmond,A10,30,8,22,64.5,103.04253515049,108.53984525239,0.35486595529482,48.4,52.7,29.7,37.1,19.3,27.7,15.4,15.8,49.7,31.2,80.8,52.4,35.4,72.3,45.6,48.6,7.2,9.7,51.7,52.5,-15.049560222383,2025
Vermont,AE,31,19,12,63.3,98.962844042357,104.42017616693,0.35039528297413,49,48.8,29.8,27.1,26.2,25.8,17.3,15.7,49.5,32.3,72.1,48.3,33,72.7,43.5,38.6,12.4,11.6,49.6,45.1,-8.0601826884641,2025
South Dakota,Sum,30,16,14,75.2,109.12194916105,115.14823269443,0.35019696266122,50.1,54.8,45.4,35.2,30,35.7,12.6,17.3,51.7,31.6,71.4,55.4,35.9,71.8,37.5,38.9,7.8,8.5,39.5,50.8,-8.9129493732074,2025
UT Arlington,WAC,29,11,18,68.3,106.43434402032,112.38670529112,0.34846360966188,51.7,50.4,37,34.3,32.8,32.5,19.2,16.4,50.6,35.4,65.3,48.5,36,73.5,42.2,34.9,7.8,10.3,53.7,57,-12.93315351347,2025
Toledo,MAC,32,17,15,69,110.80558425212,117.31472849731,0.3415361512252,50.5,56.4,35.5,26.5,29.8,30.9,13.7,15.5,50.6,33.6,75.7,55.9,38.2,74.2,28.6,37.5,7.1,7.5,46,45.8,-8.8725436913422,2025
Tennessee St.,OVC,30,14,16,71.2,102.3673233356,108.55811397411,0.33732048398828,51.3,48.8,41.4,39.3,33.8,30.3,21.1,17.4,52.5,32.6,68.4,48.1,33.4,68.6,33.6,35.9,9.5,8.4,47.3,48,-12.941107316539,2025
Tulsa,Amer,31,11,20,67,101.75243971205,107.97605238143,0.33565524811217,49.5,49.7,34.2,33.6,27.2,31.1,16.9,14.4,51.5,31.2,67.2,50,32.7,70.2,42.3,34,6.8,11.3,54.2,46.7,-14.334528692426,2025
Sacred Heart,MAAC,32,14,18,71,105.1125326874,111.64371659356,0.33331412865522,51,51.8,26.3,27.6,31.4,29.9,17.7,17.6,50.3,34.5,73.5,50.8,35.4,74,44.6,43.1,8.4,10.7,61.7,59.9,-14.60334224986,2025
North Dakota,Sum,30,9,21,69.6,107.9009270887,114.82780577548,0.32837755650734,49.7,56.5,33.6,33,33.7,28.7,16.6,15,50.3,32.5,70.1,57.1,37.1,74.6,40,40.6,7.1,9.3,45.1,47.9,-15.13408472218,2025
Little Rock,OVC,31,17,14,67.5,97.613799108187,103.88367991966,0.32829451824712,49.5,46.7,29,37.9,30.4,35.4,20.4,21.5,47.2,36.6,70.7,46.3,31.4,71.5,30.3,44.2,16.8,7.3,52.9,58.2,-9.9621500580198,2025
Northern Kentucky,Horz,31,15,16,66.7,101.56311787124,108.21690001616,0.32524815529723,49.8,52.5,31.3,29.3,31,32.5,17.3,19.9,50,33,67.2,50.6,37,74.1,40,40.1,9.3,9,54.2,54,-10.992670980878,2025
Idaho,BSky,31,12,19,67.1,107.90819617698,115.05286699029,0.32360022308862,51.8,54,33.6,35.7,28.9,31.3,17.9,15.1,51.5,34.7,76.1,55.1,34.9,69.3,47.9,39.9,7.9,10.7,48.7,52.3,-14.065190654128,2025
Northern Arizona,BSky,30,14,16,67.3,104.26246195882,111.25364820752,0.32161382349127,50.3,53.7,28.5,33.8,31.9,24.4,15.2,15,49.5,34.4,66.1,52.9,36.7,71.5,37.8,37,3.5,8.8,51.7,51.1,-11.495505917547,2025
Harvard,Ivy,26,11,15,66.4,101.47354392085,108.30634434627,0.32095104272325,50.6,52.2,24.4,24.6,25,31.1,18,17.7,52.2,32,77.6,53.4,33.5,75.8,39.9,36.5,7.8,9.6,54.4,51.1,-10.773594083174,2025
Georgia Southern,SB,32,16,16,70.3,102.29489375572,109.18901926417,0.3208128978056,50.6,50.1,26.5,43.1,33,33,19,18.4,49.8,34.5,65.1,51.2,32.3,71.4,44.3,40.1,10.7,11.9,50.3,51.2,-11.220654765827,2025
American,Pat,33,20,13,64.2,101.84942501896,108.81457256685,0.31848946265945,52,52.5,29,34.1,23.8,27.4,16.9,17.7,51.4,35.2,75.7,53.5,33.8,69.6,45.3,35.9,5.4,9.6,52.2,50.6,-8.2551348573043,2025
Iona,MAAC,34,17,17,69,98.706849235099,105.50100081026,0.31745114851765,47.5,51.7,27.9,35.6,39.1,30.9,20.9,22.8,47.5,31.8,68.5,53.9,32.6,74.3,34.7,44.5,9.4,10.9,56.4,60.6,-13.765591099852,2025
Georgia St.,SB,32,13,19,69.8,106.06509260323,113.38449778208,0.3170386779096,50.4,51,33.8,26.2,32.4,31.9,16.9,12.9,49.8,34.4,68.6,51.8,33.2,72.2,33.3,41.5,7.9,8.6,44.7,53.8,-13.13725979574,2025
UC Davis,BW,30,13,17,67.9,96.435658454323,103.20161279643,0.31436360956845,46.3,50,38.3,39.2,27.6,33.6,19.7,21.8,45.1,32.2,74.4,48.3,35.2,75.8,35.5,37.7,10.1,7.1,47.5,54.8,-11.419922137346,2025
UMass Lowell,AE,29,14,15,69.4,107.50791003073,115.27442336361,0.30956831949704,54.6,51.6,31.6,25.2,26.1,30.3,18.1,14.7,56.3,34.2,77.2,50.5,35.6,69.8,34.6,34.7,10,9.4,52.6,44.7,-11.559679158801,2025
Evansville,MVC,31,10,21,67.6,97.769732733445,105.13427131054,0.30255354223081,48.8,50.2,31.1,34.6,22.6,29.2,17.7,16.7,51.5,29.9,70.5,49.4,34.1,73.7,40.6,44.9,13.9,7.6,52.6,54.8,-14.691634515835,2025
Houston Christian,Slnd,30,10,20,65.3,100.78579260054,108.44932255378,0.30094870236411,49.1,52.6,30.5,29.4,26,32,18,17.9,49.3,32.5,68.8,54.5,32.3,70.2,44,31.8,9.3,10,46.4,44,-14.393849253813,2025
Gardner Webb,BSth,31,11,20,69.8,102.45812507446,110.33693764236,0.29901922231023,51.9,52,36.2,37.2,33.4,30.2,20.8,14.8,53.1,33,69.2,54.2,32.3,70.5,33.1,38,8.8,8.5,39.4,50.6,-14.884063198816,2025
Presbyterian,BSth,30,11,19,65.2,103.01518297532,110.96526246442,0.29840192212289,51.1,52.9,31.1,38.9,29.4,31.1,16.2,17.8,49.7,36,68.5,53.7,34.3,72,33.9,34.8,8.6,8.3,46.7,46.9,-13.82823523551,2025
Charlotte,Amer,32,10,22,65.5,104.31209536663,112.38210234287,0.2979770215265,48.3,54.2,42.7,37,25.4,29.2,15.1,14.6,49.6,31,75.2,56.4,33.3,69,40.9,34.5,6.1,10.9,52.2,46.3,-16.299306806549,2025
Fresno St.,MWC,32,6,26,71.5,100.23876004303,108.08362896117,0.29597710274133,46.1,54,36.4,23.5,27,34,17.7,18,45.6,31.3,69.2,56,34.2,72.2,35.3,43,8.7,10.6,44,57.6,-16.473577543512,2025
Mount St. Mary's,MAAC,35,22,13,68.2,99.646475019526,107.4494424325,0.29587782737126,50.9,48.7,30.5,26.1,30.5,27.9,21.4,15.6,50.3,34.5,73.3,49.4,31.8,73.6,41.1,45.2,7.9,9.6,60.3,52.8,-8.0775897877175,2025
Cal St. Bakersfield,BW,31,12,19,66.7,104.80290522831,113.11824943353,0.29358188742474,48.2,54.3,34.5,46.9,35.6,29.7,18.8,18.9,45.3,37.2,77.3,54.8,35.7,74.9,28.4,41.5,8.6,7.6,38.2,52.1,-14.037376905542,2025
Manhattan,MAAC,30,16,14,68.3,107.41238042403,116.0569626218,0.2910757164876,50.8,50.9,31.8,25.9,32.5,32.2,16.7,15,50.5,34.1,76.5,52.6,32.4,72.6,41.6,42,6.7,11.3,56.5,58.1,-9.976779418248,2025
Jackson St.,SWAC,34,16,18,69.2,99.264972011351,107.28297719107,0.29043173493105,47.7,50.6,37.5,30.6,30.1,30,19.5,17.4,47.1,32.6,73,50.3,34.1,70.7,33.7,41.7,9.6,9.1,49.7,55.9,-10.606873768722,2025
FIU,CUSA,31,8,23,69.2,96.172953203098,103.97336043543,0.28969921460132,46.1,51.6,36,37.5,31,29.6,19.5,20.6,47.4,28.8,70.5,52.6,33.3,72.9,30.1,39.5,13.2,8.2,47.6,56.8,-17.450818360233,2025
Ball St.,MAC,28,11,17,67.1,103.6007005685,112.02468476266,0.28925310561083,51.3,51.6,44.5,30.7,26.4,27.9,16.4,14.1,51,34.6,70.3,54.5,31.5,72.4,37.1,39.7,6.1,8.6,51.4,52.6,-13.685938969004,2025
Monmouth,CAA,33,13,20,67.9,103.25046026744,111.69344470515,0.28824893187286,47.2,50.7,36.7,36.1,29.8,34.8,16.2,16.6,44.2,35.2,74.2,50.7,33.8,73,34.6,40.7,12.7,9.6,49.6,55.2,-14.391736855739,2025
Portland,WCC,30,10,20,69,104.8623610928,113.53396798376,0.28624035801149,50.1,54.6,32.2,22.1,23.9,29.9,18,13.2,49.8,33.7,77.9,53.3,37.8,74.1,43.6,40.9,7.4,9.1,61.4,57.1,-12.592624082249,2025
North Florida,ASun,30,13,17,72.9,108.29652713024,117.34845357721,0.2843147519313,53.2,54.1,24.8,31.1,27.9,34.2,15,14.7,54,35,67.9,54.5,35.5,72.5,54,31.1,7,12.8,53.6,54.3,-11.580305147259,2025
Colgate,Pat,32,13,19,67.7,103.5261180785,112.26444455264,0.28254292886993,54.2,53.3,22.6,25.5,23.7,26.9,16.7,16.3,54.6,35.7,73.1,51.5,37.3,70.2,42.2,40,6.9,9.4,52.4,53.9,-14.872010795497,2025
Siena,MAAC,32,14,18,67.7,101.45968356253,110.26532460591,0.27745481118268,49.4,51.7,37.3,31.4,28.8,30,17.2,18.2,49.5,32.8,74.3,51.8,34.3,75.1,39.9,34.2,13.3,9.7,48.3,49.7,-14.514986215602,2025
Eastern Washington,BSky,30,8,22,67.7,102.25687190085,111.23766324872,0.27526301176465,50.9,54.4,31.1,39.7,26.9,33.6,18.7,19,52.5,32.3,77.3,53.8,36.9,73.4,37.6,38.4,8.8,7.9,52.6,54.4,-16.418934317643,2025
Mercer,SC,31,12,19,71.7,98.804178926536,107.60721786123,0.27259425411183,48.9,50.8,29.8,32.8,28.8,28.7,16.6,16.8,49.8,31.8,65.3,49.7,34.7,71.8,40.1,46,8,9.6,46.6,55.3,-14.413339918218,2025
Alabama St.,SWAC,35,19,16,68.5,101.2820880131,110.32614902128,0.27217586054338,47,50.7,29.1,38.9,28,30.8,13.1,18.7,45.6,32.6,69.2,50.8,33.7,69.4,42.7,40.2,8.4,9.3,44.7,50.9,-10.155287841648,2025
Marist,MAAC,30,20,10,64.7,97.111730348044,105.87594107321,0.27018829341965,49.9,46.9,22.4,33.2,30.6,25.6,18.4,16.4,51.5,31.4,70.8,44.9,33.7,72.3,37.6,35.4,9.7,6.9,55.8,45.1,-7.9820608223175,2025
Bowling Green,MAC,30,12,18,69.5,100.18625300444,109.2802412119,0.26910402622776,49.9,52.6,34.5,29.8,25.6,27.4,17.5,17.3,49.6,33.5,74.7,54.6,33.2,78.5,39.7,42.4,9.4,12.2,43.6,54.9,-14.210688660472,2025
Eastern Michigan,MAC,31,15,16,67.9,103.79473877687,113.32762507378,0.26688625907901,52.4,53.7,33,38.5,29.6,31.7,18.7,17.8,52.4,35,74.3,51.9,37.7,74.4,38.2,38.8,9.5,8.8,47.2,50.2,-11.995622578988,2025
Stephen F. Austin,Slnd,28,11,17,68,94.820552461142,103.5364273097,0.26672958423045,46.7,49.2,32.3,34.1,34.6,33.1,22.2,20.2,48.8,28.7,63,47.8,34.4,68.2,36.9,37.1,11.2,9.9,51.4,54.7,-11.993442196969,2025
Albany,AE,31,15,16,68.3,103.06036719449,112.54804217259,0.26644190659281,49.3,54.9,29.5,34.7,32.3,28.4,15.7,19.8,50.2,31.7,72.4,55.8,35.6,74.7,36,34.9,6.5,12.3,45.7,50.4,-12.866275120386,2025
Western Michigan,MAC,31,11,20,68.4,101.91541087559,111.65098193356,0.25937913608113,47,54.5,31,33.2,34.4,27.9,15.8,16.6,49.3,28.2,67.4,55,35.8,70.1,32.9,41,6.7,10.6,45.4,57,-14.705392399891,2025
Denver,Sum,29,8,21,67.2,100.06729262982,109.65557069816,0.25879020263581,50.3,54.3,31.6,49.8,26.1,29.1,18.5,17.6,50.5,33.3,74,56.2,34.1,73.1,36.9,37.9,7.7,7.7,43.5,48.5,-15.903684354654,2025
Columbia,Ivy,25,10,15,71.5,105.48936940709,115.62182563188,0.2583202577253,52.6,56.4,29.5,25.4,25.9,26.7,15.4,16.4,53.9,33.8,72.8,54.6,39.2,73.1,39.1,41.8,5.8,10,60.1,63.7,-11.302284077605,2025
Tennessee Martin,OVC,30,11,19,67,101.79360973126,111.63160658571,0.2571271334431,47.6,52.3,34.4,33.9,34.7,30.8,19.5,18.9,48.5,31.1,69.4,52,35,70.6,47.3,48.2,8.4,14.4,51.1,57,-15.422045324767,2025
Pacific,WCC,31,7,24,67.2,100.87735358771,110.67942481459,0.25608378267688,48.1,53.2,32.8,37.1,28.8,28.2,19.3,15.4,50.3,29.7,73.4,52.9,35.8,77.2,37.8,39.5,7.9,9,49.7,60.3,-15.618556737949,2025
LIU,NA,31,15,16,65.6,94.889250202136,104.4785034843,0.24840902939479,47.7,48,27.6,43.5,32.3,27,20.1,19.2,48.8,30.3,73,48.8,31.2,75.3,33.4,39.8,11,10.2,44.2,59.8,-12.621727219892,2025
Texas Southern,SWAC,29,12,17,70.6,95.73383687778,105.53740979943,0.24579297456826,47.5,47.4,28.9,36.2,30.5,34.7,19.8,19.6,46.2,33.1,72,46.5,32.6,68.5,35.8,41.3,10,9.7,51.8,55.7,-11.893901912572,2025
Tennessee Tech,OVC,30,13,17,68.5,101.38165506122,111.85227401239,0.24410594516923,50.7,49.6,28.8,22.2,25,32.4,17.4,15.2,49,35.1,70.8,50.6,31.9,74.4,46.4,34.1,6.4,9.5,59.3,47.5,-13.195403160196,2025
Bethune Cookman,SWAC,33,17,16,69.6,97.141602324962,107.35718304372,0.24050651219516,48.2,48.8,35.9,32.4,28.8,30,19.5,16.7,48.4,31.9,69,49.8,31.3,72.5,33.9,36.9,9.7,10,52.9,53.2,-10.124334017763,2025
Navy,Pat,33,14,19,67.7,101.20321317581,111.93374651208,0.23886151649847,48,52.5,33.8,33.8,31.3,27.2,16.1,17.8,46.8,33.3,73.1,52.6,34.9,70.5,37.1,41.2,8,9.3,52.8,50.2,-16.208016359711,2025
Weber St.,BSky,31,9,22,66.2,101.38249971101,112.1351257585,0.23880403675311,50.2,53.4,34.7,37.2,24.4,30.1,16.9,16.5,51.1,32.4,70.1,52.2,36.7,73.6,37.2,43,6.9,9.7,42.7,55,-17.085007779736,2025
Saint Peter's,MAAC,27,11,16,64.5,95.122460932377,105.25504520316,0.23793310940095,44.7,47.3,34.7,37.6,37,31,20.7,17.6,42.4,32.2,73.6,47,31.9,73.1,38.5,38,10.6,12.3,45.3,51.1,-13.302159925634,2025
Air Force,MWC,32,4,28,65.2,98.832859474769,109.63432331713,0.23276136602531,50.1,54.6,35.4,35.4,22.7,29,20.8,15.7,50.5,33.1,63.5,54.8,36.3,70,48.5,36.2,8.1,12.4,62.9,48.6,-19.298036376368,2025
San Diego,WCC,32,5,27,71.7,99.193994719504,110.07838426104,0.2319514188033,45.7,54,30.5,46.1,29.9,31.6,18.4,18.5,46.3,29.7,75.1,51.6,38.5,73.4,35.8,38.3,10.1,9.5,45.8,57.2,-19.544985780476,2025
Tarleton St.,WAC,29,9,20,66.3,92.926495109521,103.1490035928,0.23143850052366,45.9,52.1,41.5,48.3,28.1,33.9,25.1,23.3,45,32.2,72.9,52.9,33.9,73.5,25.6,42.2,11.7,12,46.3,60.8,-13.369138218211,2025
Austin Peay,ASun,31,12,19,66.7,100.11189038764,111.20601481328,0.22994813796287,48.7,53.8,28.9,36,25.8,31.2,14.8,16.8,47.1,34,71.3,52,37.9,73.1,40.2,35.9,7.5,13.4,49.5,51.3,-13.517521462151,2025
Old Dominion,SB,33,13,20,66.7,99.430986664957,110.77686891377,0.22397972039412,44.1,51.2,30.9,35,36.4,32,16.9,16,45,28.3,71.7,51.2,34.1,69.5,35.8,35.3,9,10.2,43.6,49.2,-15.263992759324,2025
Lafayette,Pat,32,12,20,66.8,97.458964548319,108.65293778596,0.22263707932784,50.2,50.4,30.5,26.9,24,28,16.6,16.7,49.7,34,69.2,48.3,35.8,73.5,40.3,37.9,9.9,6.5,59.4,54.3,-16.795242144353,2025
Howard,MEAC,28,10,18,70.4,103.9948206391,116.10792395992,0.21976112297699,53.5,52.3,35.7,40.9,29,33.8,21.2,16.5,52.6,36.6,76,53.1,33.8,77.2,38.4,33.5,7.4,8.3,57,45.5,-13.60606112239,2025
Oral Roberts,Sum,26,4,22,67.9,104.21897973036,116.42977769179,0.2185507858846,50,55,35,38.2,22.6,33.1,16.3,13.9,48.5,34.4,75.9,56.6,35,77.2,45.7,40.2,7.1,10.2,39.8,54.2,-16.204606554391,2025
Saint Francis,NA,31,13,18,67.9,99.959148505780007,111.88981578145,0.21472773152898,51.8,51.2,24,27.8,25,29.9,19.7,16.2,52.6,33.8,72.5,53.3,32.2,74.1,42,43.1,7,9.2,50.7,50.6,-12.139133749549,2025
Southern Miss,SB,31,9,22,71.5,97.087402944262,108.69798229928,0.21432353364842,47.9,50.2,33.8,35.4,28.1,30.2,19.5,16.1,49.8,29.8,69.4,51.2,32.5,70.6,36.9,38.4,11.2,9.4,56.9,51.6,-16.918314124438,2025
Utah Tech,WAC,31,5,26,68.1,101.49241756728,113.64113752058,0.21413018780819,48.8,53,33.7,41.1,26.2,33.5,18.3,17.4,47.9,33.4,70.2,53.7,34.4,70.9,39.8,31.5,8.5,11.1,51.6,50.3,-19.924689633374,2025
Louisiana,NA,32,11,21,67,98.324498263494,110.10335454239,0.2139660876746,45.7,51.3,29.8,43.8,25.9,35.5,16,19.1,45,31.3,72.9,53.8,31.5,73,38.1,36.9,8.5,11.5,45.3,49.2,-15.700809532412,2025
Lehigh,Pat,28,9,19,67.9,99.535750114993,111.4764320618,0.21367606658208,51.1,50.7,31.5,33.9,21.4,29.1,15.6,16.1,49.1,36.4,67.8,53,31.2,74.2,37.3,36.7,5.7,8.3,51.3,48.5,-15.193685606131,2025
Army,Pat,31,15,16,68.4,100.68953883446,112.87847242861,0.21180099920768,49.5,53.7,26.1,27.4,25.9,29.2,14.3,16,51.4,31.2,68,54.8,34.8,70.4,41.7,42,6.1,8.9,50.5,53.7,-11.975416179642,2025
Charleston Southern,BSth,30,8,22,68.2,99.232499902038,111.52102948068,0.20708324590455,48.7,53.4,43.9,33.3,31.2,28.2,19.9,13.5,50.7,30.7,66.3,55.4,32.4,69.8,42,29.2,6.1,10.9,47.5,41.7,-16.180639229892,2025
Fairleigh Dickinson,NEC,30,10,20,70,98.514706388429,110.77406448517,0.20606686176841,49.1,50.5,32.1,30.4,25.9,32,17.1,17.6,49.7,32.2,71.5,53.3,30.3,76,41.5,35.6,6.9,9.4,53.6,50.4,-15.743003924897,2025
Penn,Ivy,27,8,19,67.6,102.62570927287,115.45974246255,0.20504035149028,49.4,53,28.9,25.8,26.8,29.7,16.4,13.4,49.9,32.6,69.7,50.8,37.5,77.3,44.4,39.2,4.7,9.7,55.7,53.8,-13.828191760416,2025
Southern Utah,WAC,28,9,19,69.7,97.086499840781,109.26695336539,0.20436967135446,46.8,49.9,36.2,33,30.1,32,21.6,15.1,47.2,30.5,72.9,49.8,33.3,68.5,32.6,27.7,9,8.7,48.5,50.6,-13.584828902629,2025
UMBC,AE,29,10,19,71.2,105.11626431004,118.32459126348,0.20404648437846,55.2,54.1,31.6,27.9,19.4,33.7,15.9,17.4,53.8,38.4,70,54.2,35.8,69.5,38.4,34.4,5.9,8,50.4,46.7,-15.608417899978,2025
IU Indy,NA,29,7,22,65.6,108.62723271639,122.3330897528,0.20318713485427,50.4,57,34.1,35.1,30.6,33.6,15.7,16,46.2,36.8,74.8,57.8,37.3,74.9,47.3,40.8,5.9,13.8,53.2,59.2,-17.499054370076,2025
Morehead St.,OVC,29,12,17,64.8,98.366922038286,111.12979887592,0.19735089330435,45.9,50.3,37.6,34.7,31.2,25.4,18.4,14.4,45.5,31.2,67.4,49.9,34.1,75.1,34.1,33.4,6.4,9.8,48.1,46,-13.141301132633,2025
Coastal Carolina,SB,30,8,22,63.9,101.03263738008,114.19090353252,0.19656195812153,49.4,48.6,34.4,36.9,29,28.7,18.4,10.5,47.7,34.8,69.4,48.5,32.5,73.3,39.2,36.3,4.3,10.8,49.2,42.3,-18.190193313014,2025
Loyola MD,Pat,30,11,19,67.2,99.792811459173,112.85210069579,0.19555788057603,50.1,52.8,29.3,30.2,28.6,27.9,17.7,16.9,50.7,32.9,68.9,52.9,35.1,74.3,39.6,35.7,7.9,7,54.8,51.8,-16.061058653846,2025
Rider,MAAC,33,14,19,65.6,101.2401399565,114.49775429797,0.19541694350876,47.7,53.1,29.6,27.3,32.2,30.7,17.2,16,48.1,31.2,72.2,52.8,35.7,69.1,30.1,40.9,9.1,8.8,51.1,53.9,-14.61754230625,2025
Boston University,Pat,31,15,16,64,98.091587364436,111.20570920773,0.19107791523786,50.2,52.4,30.7,32,32.5,23.4,20.6,16.7,50.7,33,66.9,51.2,36.1,74.6,41.9,40.2,8.2,9.6,48.8,52.8,-13.17770675994,2025
Eastern Illinois,OVC,28,9,19,66.8,93.871376456759,106.43905732127,0.19078130755083,44.1,51,33,39.7,30,30.9,18.7,20.8,42.6,31.7,69.3,50.2,34.7,71.1,29.7,44.4,8.1,11.5,46,61.8,-14.431478386119,2025
VMI,SC,30,11,19,68.8,98.57830616183,111.78661994521,0.19061522608966,48.5,54.2,37.5,30.5,25.2,32.1,18,17.6,50.3,31,76.7,56.3,34.5,65.1,46.9,47.5,8.4,10.3,48.5,64.7,-14.777043213561,2025
Long Beach St.,BW,30,5,25,64.8,100.48914978441,113.95790415446,0.19054656786763,49.2,53.4,35.5,35.2,28.5,34.9,21.7,17.1,47,35.3,75.5,51.2,38.1,73.8,37.1,37.6,8.3,8,49.3,49.4,-19.074408370746,2025
Binghamton,AE,29,12,17,66.3,99.013210578408,112.43372282707,0.18819640372218,51.6,49.7,33.7,31.9,26.9,26.9,19.6,12.8,50.6,35.4,70.1,51.1,31.8,72.4,36.2,40.3,8.2,11.9,51.7,46.4,-14.147650048457,2025
North Carolina Central,MEAC,29,10,19,67.7,102.46654846245,116.38854528304,0.18769250666499,50.1,54.8,39.8,42,34.6,38.8,19.2,21,49.9,33.7,70.1,57.6,32.7,72.4,34,32.8,5.7,8.7,54.6,48.2,-15.341745758545,2025
Delaware St.,MEAC,26,12,14,70.8,100.43242185877,114.21327475601,0.18562413322443,48.8,53.8,36.3,40.3,34,32.1,18.1,20,47.6,35.5,72.3,56.3,33.5,73.7,20.7,41.1,6.4,6.5,44.8,57.4,-10.933512567875,2025
Stonehill,NEC,30,13,17,65.9,100.25609429096,114.12070882958,0.18398445319904,51.1,50.9,31.4,32.7,26.4,29.4,18.3,16.2,49.4,35.4,72.1,50.1,34.9,73.3,44.5,33.3,6.9,12.6,60.4,40.9,-13.71209990354,2025
Lindenwood,OVC,30,13,17,70.1,94.457788878606,107.69286862653,0.18123559407395,45,50.7,36,34.7,30,31.5,17.9,19.4,47.6,26.7,68.8,50,34.6,70.5,34.6,37.5,10,11.1,42.3,50.6,-12.787686660822,2025
Grambling St.,SWAC,31,9,22,64.6,95.50264005879,108.89336783043,0.18109071788529,47.3,49.3,35.1,31.3,26.3,31.1,19.2,18.3,46.9,32,72.9,47,35.7,74.9,35,35.6,9.8,10.2,48.5,52.6,-16.809163608348,2025
Niagara,MAAC,30,10,20,65.6,100.90064711686,115.04984219052,0.18106706650694,52,53,30.4,29.8,23.6,27.3,18.6,16.8,51.8,34.9,74,51.8,36.7,78.6,42.8,38.4,6.5,9.3,51.7,55.7,-16.680525969038,2025
Holy Cross,Pat,30,11,19,66.6,101.35837756969,115.8217506032,0.17741163703023,53.1,53.5,22.2,25.4,23.3,27,17.9,13.6,49.6,38.6,71.7,54.5,34.5,68.7,42.3,37.8,7.9,7.7,48.2,52.8,-15.526705859752,2025
Green Bay,Horz,31,4,27,69.8,100.8487911656,115.39732560404,0.17512564924156,50.9,54.8,37,35.4,18.4,32,18,14.6,52.2,32.9,78.5,54.1,37.3,68.8,46.2,39.4,5.4,13.5,60,54.8,-21.617999119248,2025
Alcorn St.,SWAC,31,11,20,65.5,97.083692497729,111.17842620922,0.17379395067492,46.1,53,30.4,31.5,33.6,32.5,19.6,18.3,45.4,31.8,72,54.6,34.1,72.1,29.6,45.3,8.5,10.6,43.5,60.9,-13.942420898113,2025
Florida A&M,SWAC,29,12,17,67.9,101.10155341716,116.23681361407,0.167381860312,50.6,51.4,36.7,39.9,27.7,31.9,20.7,15.4,50.8,33.6,71.4,51.5,34.2,69.6,46.6,36.5,8.3,10.4,52.4,48.3,-10.825282863775,2025
Texas A&M Commerce,Slnd,31,5,26,68.1,96.205898158884,111.06849086824,0.16083230074387,49.2,53.8,28,36.5,28.1,35.9,22.5,19.9,51.1,31.4,64.4,52.6,37.4,69.2,48.3,34.6,10.7,13.4,61.6,59.4,-19.834551675872,2025
USC Upstate,BSth,29,3,26,73.4,99.246194062967,114.81895297546,0.15760469351351,49.8,56.1,30.4,39.5,25.3,32.4,19,16.6,53.1,29.4,67.7,58.3,35.2,72.2,36.9,40.2,6.4,7.9,48.1,47.6,-21.004824486601,2025
Southern Indiana,OVC,28,8,20,67.7,98.626935243658,114.26948513536,0.155385082446,47.9,51.8,30.7,35.6,27.9,31.3,17.2,16.7,45.4,35.2,73.9,50,36.7,68,33.5,36.5,7.1,8.2,43.6,46.6,-17.39083113237,2025
Fairfield,MAAC,31,11,20,66.6,98.179099774196,114.11905618987,0.15056681968471,46.3,53.7,25.4,31,28.6,31,15.5,18.2,45.8,31.5,73.3,53.4,36,77.1,38.3,36.9,8.4,9.8,51,52.8,-16.877634872378,2025
North Carolina A&T,CAA,31,6,25,70,97.166920823146,112.96197881839,0.15031392405306,45.8,51.5,31.2,30,27,31.4,15.4,15.3,46.3,30,68.7,52.4,33.3,75.9,36,38.5,8.2,9.4,44.4,57.4,-20.110794231489,2025
Mercyhurst,NEC,28,12,16,65.3,99.353230175298,115.65042852757,0.14845859289504,48.6,55,30.9,38.3,22.2,33.3,16.4,20.3,45.8,35.7,80.7,56,35.7,71.3,36.4,39.8,6,8.2,57.8,55.5,-12.582521086301,2025
Stony Brook,CAA,31,7,24,65.2,100.94718872881,117.56804856365,0.14769088792647,47.7,56,31.6,28.4,29.5,31.2,18.3,14.9,45.7,33.8,74.5,57.2,36.3,69.9,39,42.3,6,11,48.8,58.7,-19.560751370261,2025
Morgan St.,MEAC,28,10,18,71.1,100.61053817035,117.70341625544,0.14130696979136,49,52.4,35.7,39.1,34.1,36.9,17.9,17,49.5,31.6,72.5,51,36.8,68.8,21.7,34.3,11.1,8.8,43.7,54.1,-14.45575703106,2025
Wagner,NEC,26,10,16,60.8,92.558380987842,108.41420303372,0.13962904582682,43.7,50.4,29.3,39.9,31.7,25,19.4,18.2,41.5,31.6,71.1,50.8,33.2,72.8,37.6,42.9,5.1,9.9,54.8,56,-13.006307245239,2025
Detroit Mercy,NA,31,7,24,67.7,94.639309982732,111.45100391732,0.13234412999874,45.6,51.2,28.9,39.8,31.9,30.5,19.1,15.5,43.9,33.3,73.3,52.4,33.2,72,28.4,47,8,8.8,43.9,59.1,-18.893931938131,2025
New Orleans,Slnd,31,4,27,69.9,99.099496591169,116.76385098696,0.13166286868542,45.9,54.9,33.9,26.6,31.6,35.5,18.8,16.1,46,30.4,66.9,55.1,36.4,72.2,30.7,42.4,7.1,11.1,50.1,58.5,-19.635902107394,2025
Western Illinois,OVC,28,9,19,65.1,99.225119289018,117.02213507058,0.13042832692958,50.1,51.1,27.2,30.6,28.1,31.8,18.2,14.4,46.7,37.3,69.2,50.2,35.1,73.8,37.2,34.8,9.2,7.5,39.2,47.6,-16.26250286461,2025
Buffalo,MAC,29,7,22,71.3,95.881050811253,113.31965529147,0.12767222163592,48.8,54.2,32.7,31.2,24.8,31.3,19.5,16.2,51.3,30.5,69.9,53.4,37.2,72.3,43.9,35.2,8.7,10.3,52.9,52.8,-17.241402037954,2025
Louisiana Monroe,SB,30,5,25,68.5,96.261503123937,113.79622368054,0.12736950349872,45,53.6,31.1,25.1,29,32.5,17.1,16.1,43.1,32.5,71,55.8,34,70.9,33.9,45.1,6.9,9.8,51.6,58.3,-20.766244345983,2025
Bellarmine,ASun,29,3,26,67,102.79888346711,121.55910826304,0.1270053056768,53.7,58.1,26.5,34.9,20.2,30,17.4,15.4,53.9,35.6,76.6,57.8,39,76.2,43.2,47.4,5.6,7.4,52.4,55.8,-21.334674724156,2025
Le Moyne,NEC,30,7,23,69.3,102.03815046984,120.74916488347,0.1260616236146,51.5,54.7,37.7,36.9,25.7,32.9,19.6,16.3,53.2,32.8,71.1,54.1,37,73.3,41.3,41.4,5.9,9,54.3,57.2,-19.112530578863,2025
Western Carolina,SC,27,5,22,71.2,94.52414583052,111.92797494674,0.1252635077905,45.4,51.1,27,34,25.7,29.4,19,13.5,46.3,29.7,73.5,52.8,32.6,74.5,48.2,44,9,9.4,48.8,54.3,-16.675522657298,2025
West Georgia,ASun,30,5,25,68.8,96.813303798488,114.77757775487,0.12374492109385,47.2,56.1,28.8,36.3,26.1,29.2,16.3,16.6,48.4,29.7,69,56.9,36.8,71.9,30.1,43.7,9.3,7.5,51.2,57.3,-20.423742733593,2025
Northern Illinois,MAC,28,3,25,69.6,93.852416401916,112.06168991432,0.11514321138411,47.1,53.2,31.6,44,17.8,30.8,16.3,16.6,45.3,32.7,70.8,51,38,71.5,49.2,37.5,9.5,9.8,52.3,54.6,-20.838309695619,2025
Sacramento St.,BSky,29,4,25,66.1,94.748489028931,113.19142721956,0.11452539906556,48,55.1,31.3,39.2,27.4,27.6,20.3,17.1,49.1,31.2,68.2,55.2,36.6,71.7,44.9,46,9.4,10.6,53.3,58.5,-20.819702189569,2025
Central Arkansas,ASun,31,7,24,67,96.865384433284,116.32303112269,0.10860581978766,47.4,56.8,28.8,22.6,28.6,30,18.2,16.7,50.2,29.6,72,55.4,38.7,72.4,47.8,52.1,8.1,12.5,56.1,61.5,-18.352829299657,2025
Cal St. Fullerton,BW,30,4,26,68.8,93.092980511402,112.01455399642,0.10641971930043,44.2,54.3,39.2,34.1,25.9,29.8,21.3,16.1,46.1,27,73.8,55.9,34.9,75.2,34.1,45.8,6.1,9.4,41.5,56.1,-19.498609177104,2025
Prairie View A&M,SWAC,31,4,27,71,97.407292986158,117.42169161122,0.10442362297447,48.2,56.2,33.8,40.5,24.5,39.1,16.7,20,48.6,31.5,69.1,57.6,35.7,69.8,33.7,32.7,8.3,9.5,47.5,52.2,-21.212009838635,2025
Stetson,ASun,30,6,24,68.3,98.906557627237,119.49942933121,0.10201214957205,50.2,53.1,33.1,27.7,24.1,34.3,18.7,13.1,50.2,33.5,73.9,52.6,35.9,75.8,37.7,41.4,7.7,8.4,45.5,55.6,-19.472883902418,2025
NJIT,AE,30,5,25,67,93.299955842538,112.83142320883,0.10102699363893,45.3,50,27.4,38.6,27.7,31.8,18,13.8,45,30.5,73,51.9,31,68.8,37.8,35.2,9.2,10.2,41.9,50.6,-21.497287979723,2025
Canisius,MAAC,31,3,28,66.9,99.764048481183,121.24158335208,0.096021093659491,51.2,56.9,23.3,31.4,18.3,34.3,18.5,16.4,48.4,36.7,75.9,58.7,36.2,76.1,41.4,40.9,7.2,9.9,47.7,59,-23.184206527523,2025
New Hampshire,AE,30,6,24,68.4,93.358213288219,114.97432246323,0.083551155722518,47.1,54.4,26.4,33,27.4,31.6,19,16.9,46.8,31.7,65.3,56.4,34.1,70.6,40.8,39.7,6.6,13.1,46.3,53.7,-20.362195690703,2025
Alabama A&M,SWAC,29,7,22,71.5,92.88147179311,114.61838290993,0.081790370758095,45.1,54.3,38.6,46.7,33.9,34.6,21.9,21,44.3,30.8,66.7,51.8,39,70.2,41.6,37.5,10.7,8.7,53.4,57.8,-18.747667577977,2025
Maryland Eastern Shore,MEAC,27,2,25,66.8,95.613072458298,119.00333417937,0.074696916421642,45.7,55.3,35.6,40.6,27.1,34.1,19.7,15.5,44.7,31.5,66.7,58.6,33.3,71.3,37.2,37.7,5.7,8.9,46.4,57.2,-19.314879188345,2025
Chicago St.,NEC,32,4,28,69.3,91.773321189551,114.53936685363,0.072536413641398,44.4,54.9,26.8,36.9,22.6,33.6,18.5,18.2,43.4,30.6,70.5,55.7,35.8,72.1,40.9,39.4,10.2,8.9,48.5,57.5,-21.759714331533,2025
The Citadel,SC,26,1,25,65.3,93.443932661131,117.14519196605,0.069163914329694,46.9,54.5,32.8,32.8,27.2,32,19.5,15.2,49.5,29.2,62.3,56.3,34.7,74.2,45.2,42.7,5.7,11.6,52.2,54.5,-21.437788659098,2025
Arkansas Pine Bluff,SWAC,29,4,25,72.3,95.987244450809,122.24022734374,0.058393216202227,50.3,56.3,32.8,40.5,26.3,34.6,20.4,16.8,52.6,31,59,58.5,35.7,69.6,37.9,44.9,6.3,9.2,52.2,59.5,-20.014698183736,2025
Coppin St.,MEAC,29,5,24,68.7,87.697003211861,112.57811392854,0.053543257590417,44,55.6,36.4,37.1,26.5,33.9,21.6,20.5,44.2,29,67.8,56.3,36.3,71.9,32.1,38.8,5.4,13.2,50.4,57.8,-18.997043805465,2025
Mississippi Valley St.,SWAC,29,1,28,65.5,83.236993289017,125.30695868169,0.0089744653287196,42.1,57.9,30.3,38.4,22.7,38,24.3,15,41.6,28.8,66.9,58.8,37.7,68.1,30.6,38.4,4.9,10.5,41.7,52.9,-21.027830069275,2025
